позиция,модель товара (без цвета),объединённые SKU,количество цветов,общее количество проданных единиц,общая выручка,доля выручки %,накопительная доля %,ABC категория,средняя цена продажи,расчётная себестоимость (30%),валовая прибыль,маржа %
1,Шапка взрослая,"1040, 1041, 1131, 1145, 1163, 1189, 1204, 1226, 2126, 2142, 2167, 217, 218, 219, 221, 222, 223, 224, 225, 226, 228, 229, 231, 2317, 232, 235, 237, 238, 2387, 239, 240, 241, 242, 246, 2631, 2653, 274, 2850, 326, 327, 344, 346, 363, 372, 380, 483, 492, 493, 509, 533, 554, 558, 559, 560, 578, 579, 599, 748, 750, 751, 761, 833, 845, 846, 878, 881, 888, 893",68,1050.0,1212108.6,2.8712,2.8712,A,1154.39,363632.58,848476.02,70.0
2,Рубашка женская из тенсела,"1202, 1223, 1224, 2035, 2036, 2043, 2049, 2682, 2683, 2789",10,201.0,1002936.0,2.3757,5.247,A,4989.73,300880.8,702055.2,70.0
3,Джемпер чешуйки оверсайз,"1042, 1152, 1154, 1177, 1227, 1290, 2078, 2144, 2260, 2261",10,89.0,576574.0,1.3658,6.6127,A,6478.36,172972.2,403601.8,70.0
4,Джемпер женский грибочки,"1014, 1192, 2088, 2091, 2229, 2326, 2335, 2560, 2561, 2562, 2564, 983, 985",12,103.0,572722.0,1.3567,7.9694,A,5560.41,171816.6,400905.4,70.0
5,Футболка трикотажная косичка,"1273, 1274, 1275, 1276, 1285, 1333, 2085, 2086, 2087, 2290, 2462, 2481, 2482, 2487, 2497, 2498, 2523",17,232.0,560170.0,1.3269,9.2963,A,2414.53,168051.0,392119.0,70.0
6,Рубашка джинсовая женская,"1188, 1228, 1229, 2438",4,100.0,518723.9,1.2287,10.525,A,5187.24,155617.17,363106.73,70.0
7,Бомбер женский,"2067, 2071, 2073, 2084, 2123",5,40.0,491816.0,1.165,11.69,A,12295.4,147544.8,344271.2,70.0
8,Свитер кострома,"1091, 1107, 1122, 1124, 2139, 2160, 2284, 525, 526, 527, 531, 543, 777",13,129.0,462492.41,1.0955,12.7856,A,3585.21,138747.72,323744.69,70.0
9,Шапка взрослая шерсть,"1027, 1028, 1030, 1118, 2171, 2180, 2181, 2190, 2216, 2234, 2235, 2258, 244, 245, 2548, 2709, 2762, 322, 364, 365, 397, 737, 769, 778, 782, 786, 796, 809",28,287.0,446831.98,1.0584,13.844,A,1556.91,134049.59,312782.39,70.0
10,Шарф взрослый,"1026, 1031, 1034, 1087, 1143, 2108, 2109, 2127, 2159, 2350, 250, 252, 253, 254, 255, 256, 259, 260, 262, 264, 267, 2671, 270, 271, 272, 273, 2826, 391, 392, 393, 394, 395, 402, 422, 430, 561, 562, 607, 732",39,203.0,446327.0,1.0572,14.9013,A,2198.66,133898.1,312428.9,70.0
11,Тренч женский,"1022, 866, 891, 917, 992",5,44.0,432514.0,1.0245,15.9258,A,9829.86,129754.2,302759.8,70.0
12,Юбка мерилин из тенсела,"2724, 2734, 2735, 2736, 2748, 2863, 2864, 2865",8,57.0,430882.0,1.0207,16.9465,A,7559.33,129264.6,301617.4,70.0
13,Палантин трикотажный листочки,"1104, 1157, 1158, 2092, 2146, 2250, 2253, 2254, 2348, 2351, 2352",11,126.0,426183.99,1.0095,17.956,A,3382.41,127855.2,298328.79,70.0
14,Юбка трикотажная ажур листочки,"2400, 2435, 2437, 2440, 2467",5,71.0,415562.0,0.9844,18.9404,A,5852.99,124668.6,290893.4,70.0
15,Джемпер сердечки,"1132, 1153, 1159, 1160, 2298",5,72.0,415268.0,0.9837,19.9241,A,5767.61,124580.4,290687.6,70.0
16,Джемпер грибочки мужской,"1148, 1165, 1234, 2089, 2090, 2563, 2565",7,61.0,402266.0,0.9529,20.8769,A,6594.52,120679.8,281586.2,70.0
17,Брюки трикотаж,"1061, 1112, 481, 515, 516, 551, 81, 82, 88",9,109.0,396082.0,0.9382,21.8152,A,3633.78,118824.6,277257.4,70.0
18,Джинсы-бананы,"2282, 2305, 2328, 2539, 753",5,61.0,364242.6,0.8628,22.678,A,5971.19,109272.78,254969.82,70.0
19,Рубашка из тенсела женская,1212,1,65.0,310482.0,0.7355,23.4134,A,4776.65,93144.6,217337.4,70.0
20,Брюки классика вискоза,"2331, 2333, 2357",3,54.0,297988.0,0.7059,24.1193,A,5518.3,89396.4,208591.6,70.0
21,Кардиган чешуйки жаккард,"2053, 2076, 2077, 2106, 2189",5,47.0,289640.0,0.6861,24.8054,A,6162.55,86892.0,202748.0,70.0
22,Пальто женское оверсайз,"1098, 1099, 2110, 2113, 2119",5,20.0,288832.0,0.6842,25.4896,A,14441.6,86649.6,202182.4,70.0
23,Джемпер чешуйки двусторонний,"911, 912, 940",3,51.0,281731.5,0.6674,26.1569,A,5524.15,84519.45,197212.05,70.0
24,Джемпер в рубчик укороченный,"1237, 1238, 1239, 1240, 1241, 1301, 1302, 1320, 1324, 2061, 2136",11,117.0,281514.1,0.6668,26.8238,A,2406.1,84454.23,197059.87,70.0
25,Шорты льняные,"1322, 1323, 2032, 2037, 2046, 694",6,64.0,278926.0,0.6607,27.4845,A,4358.22,83677.8,195248.2,70.0
26,Блуза с воротом стойка из тенсела,"2641, 2642, 2656, 2694, 2695, 2701, 2704",7,46.0,278065.0,0.6587,28.1432,A,6044.89,83419.5,194645.5,70.0
27,Джемпер джаред оверсайз,"1172, 1222, 1298, 949, 950, 975",6,50.0,266742.0,0.6319,28.775,A,5334.84,80022.6,186719.4,70.0
28,Пальто шерстяное двубортное с поясом,"2134, 2606",2,14.0,259175.0,0.6139,29.389,A,18512.5,77752.5,181422.5,70.0
29,Брюки палаццо вискоза,"1242, 1243, 689, 691, 714, 749, 756, 818",8,60.0,242164.36,0.5736,29.9626,A,4036.07,72649.31,169515.05,70.0
30,Жилет льняной,"1326, 1327, 1328, 2029, 2039, 2042, 2045",7,58.0,240758.0,0.5703,30.5329,A,4151.0,72227.4,168530.6,70.0
31,Брюки палаццо льняные,"1337, 1341, 2031, 2044, 685, 687, 974",7,44.0,238460.0,0.5649,31.0978,A,5419.55,71538.0,166922.0,70.0
32,Джемпер джеки интерлок,"1052, 1149, 211, 2128, 2251, 2259, 2273",7,44.0,232356.0,0.5504,31.6482,A,5280.82,69706.8,162649.2,70.0
33,Юбка трикотажная в рубчик макси,"1303, 1305, 1308, 1309, 1311, 1314, 1319, 2059, 2546",9,79.0,231753.0,0.549,32.1971,A,2933.58,69525.9,162227.1,70.0
34,Жакет прямого кроя с карманами,"2332, 2415",2,26.0,228836.0,0.5421,32.7392,A,8801.38,68650.8,160185.2,70.0
35,Бомбер женский изумрудный в клетку,2070,1,17.0,226055.0,0.5355,33.2747,A,13297.35,67816.5,158238.5,70.0
36,Пальто шерсятное двубортное с поясом,2173,1,11.0,223125.0,0.5285,33.8032,A,20284.09,66937.5,156187.5,70.0
37,Жакет прямого кроя с карманами сливочно-желтый,2308,1,25.0,219180.0,0.5192,34.3224,A,8767.2,65754.0,153426.0,70.0
38,Джемпер чешуйки двусторонний морская волна,910,1,42.0,218624.0,0.5179,34.8403,A,5205.33,65587.2,153036.8,70.0
39,Джемпер авангард жаккард,"2626, 2637, 2726, 2727, 2747",5,35.0,217630.0,0.5155,35.3558,A,6218.0,65289.0,152341.0,70.0
40,Джемпер ромашки,"1119, 860, 861, 874, 926",5,42.0,217220.0,0.5145,35.8703,A,5171.9,65166.0,152054.0,70.0
41,Пальто-жакет женский,"2595, 2596, 2598",3,16.0,214188.0,0.5074,36.3777,A,13386.75,64256.4,149931.6,70.0
42,Худи женское с капюшоном,"1178, 1179, 1180, 1184, 1291",5,47.0,210680.0,0.4991,36.8767,A,4482.55,63204.0,147476.0,70.0
43,Джемпер незабудки женский шоколад с голубым,1210,1,39.0,209540.0,0.4964,37.3731,A,5372.82,62862.0,146678.0,70.0
44,Брюки палаццо искусственный шелк,"2206, 2207, 2208",3,47.0,208490.0,0.4939,37.867,A,4435.96,62547.0,145943.0,70.0
45,Платье ариэль макси искусственный шелк,"2198, 2199, 2200, 2215, 2243",5,38.0,204824.0,0.4852,38.3521,A,5390.11,61447.2,143376.8,70.0
46,Платье трикотажное ажур колоски макси,"2402, 2447, 2448, 2464, 2468",5,25.0,199960.0,0.4737,38.8258,A,7998.4,59988.0,139972.0,70.0
47,Рубашка хлопок,"2287, 2299, 2314, 2315, 2386, 666, 672, 839",8,48.0,198688.0,0.4706,39.2964,A,4139.33,59606.4,139081.6,70.0
48,Тренч женский олива,916,1,18.0,194480.0,0.4607,39.7571,A,10804.44,58344.0,136136.0,70.0
49,Парка английская олива с принтом зебра,2283,1,18.0,193200.0,0.4576,40.2148,A,10733.33,57960.0,135240.0,70.0
50,Джемпер женский софи,"2566, 2570, 2571, 2572",4,32.0,185916.0,0.4404,40.6552,A,5809.88,55774.8,130141.2,70.0
51,Свитер базовый шерсть,"1015, 1072, 1073, 2020",4,50.0,185378.0,0.4391,41.0943,A,3707.56,55613.4,129764.6,70.0
52,Кардиган leo жаккард,"678, 679, 693, 772",4,34.0,184982.0,0.4382,41.5325,A,5440.65,55494.6,129487.4,70.0
53,Лонгслив трикотажный ажур листочки,"2441, 2443, 2450, 2471",4,31.0,182626.0,0.4326,41.9651,A,5891.16,54787.8,127838.2,70.0
54,Джемпер мужской грибочки,"2034, 2330, 2334",3,27.0,178860.0,0.4237,42.3888,A,6624.44,53658.0,125202.0,70.0
55,Куртка стеганая женская,"1117, 2101",2,28.0,178400.0,0.4226,42.8113,A,6371.43,53520.0,124880.0,70.0
56,Юбка трикотажная прямая шерсть макси,"2132, 2143, 2187, 2194, 2197, 2244, 2248, 2686",8,43.0,176700.0,0.4186,43.2299,A,4109.3,53010.0,123690.0,70.0
57,Кардиган оверсайз интерлок,"2602, 2604, 2663, 2668, 2680",5,24.0,173840.0,0.4118,43.6417,A,7243.33,52152.0,121688.0,70.0
58,Манишка на завязках с воротом шерсть,"2224, 2232, 2246, 2277, 2318, 2327, 2412",7,46.0,173708.0,0.4115,44.0532,A,3776.26,52112.4,121595.6,70.0
59,Футболка трикотажная ажур листочки,"2439, 2444, 2445, 2484",4,30.0,173422.0,0.4108,44.464,A,5780.73,52026.6,121395.4,70.0
60,Куртка стеганая женская олива,1171,1,24.0,170255.0,0.4033,44.8673,A,7093.96,51076.5,119178.5,70.0
61,Джемпер агата,"2264, 2278, 2603, 2607, 2623",5,33.0,167889.92,0.3977,45.265,A,5087.57,50366.98,117522.94,70.0
62,Бомбер женский серый с трикотажными резинками,2573,1,13.0,167820.0,0.3975,45.6625,A,12909.23,50346.0,117474.0,70.0
63,Юбка трикотажная прямая шерсть миди,"2188, 2195, 2196, 2245, 2249, 2266, 2708",7,41.0,165996.0,0.3932,46.0557,A,4048.68,49798.8,116197.2,70.0
64,Майка трикотажная v-вырез,"2369, 2370, 2371, 2372, 2460, 2517, 2518",6,80.0,165918.0,0.393,46.4487,A,2073.97,49775.4,116142.6,70.0
65,Снуд,"1039, 1077, 1088, 1110, 1190, 2275, 2547, 2648, 2679, 2725, 301, 302, 303, 304, 305, 306, 307, 310, 311, 314, 315, 316, 317, 318, 319, 345, 375, 382, 383, 421, 429, 489, 496, 611, 612, 634, 731, 736, 844",39,344.0,165438.59,0.3919,46.8406,A,480.93,49631.58,115807.01,70.0
66,Пальто стеганое женское,"2117, 2121",2,18.0,164824.0,0.3904,47.231,A,9156.89,49447.2,115376.8,70.0
67,Джемпер листочки двусторонний,"929, 930, 931, 932, 981",5,30.0,163566.0,0.3875,47.6185,A,5452.2,49069.8,114496.2,70.0
68,Топ в рубчик v-вырез,"1334, 2021, 2894, 2895, 486, 63, 66, 70, 72, 73, 93",10,120.0,162454.6,0.3848,48.0033,A,1353.79,48736.38,113718.22,70.0
69,Юбка трикотажная ажур бриз,"2404, 2409, 2416, 2417, 2418, 2419, 2422, 2463",7,33.0,162170.0,0.3841,48.3874,A,4914.24,48651.0,113519.0,70.0
70,Джемпер джеки шерсть,"1075, 2138, 2162, 2169, 2227, 826",6,30.0,161154.0,0.3817,48.7692,A,5371.8,48346.2,112807.8,70.0
71,Куртка стеганая женская графит,2099,1,21.0,159718.0,0.3783,49.1475,A,7605.62,47915.4,111802.6,70.0
72,Джемпер листочки двусторонний оверсайз,"1176, 1201",2,24.0,159280.0,0.3773,49.5248,A,6636.67,47784.0,111496.0,70.0
73,Шарф взрослый шерсть,"1044, 1045, 1047, 1064, 1100, 1108, 2172, 2183, 2191, 2236, 2238, 2702, 2742",13,54.0,159250.0,0.3772,49.9021,A,2949.07,47775.0,111475.0,70.0
74,Футболка женская оверсайз с декором,"1218, 914, 954",3,60.0,157154.0,0.3723,50.2743,A,2619.23,47146.2,110007.8,70.0
75,Парка английская на меховой подкладке,"2281, 2312",2,15.0,156016.0,0.3696,50.6439,A,10401.07,46804.8,109211.2,70.0
76,Пиджак вискоза,"688, 744, 745, 746, 747, 919",6,28.0,155161.0,0.3675,51.0114,A,5541.46,46548.3,108612.7,70.0
77,Джемпер незабудки женский беж,1211,1,27.0,150678.0,0.3569,51.3683,A,5580.67,45203.4,105474.6,70.0
78,Жилет сердечки,"1144, 1166",2,42.0,148910.02,0.3527,51.7211,A,3545.48,44673.01,104237.01,70.0
79,Бомбер женский тауп с трикотажными резинками,2574,1,11.0,146372.0,0.3467,52.0678,A,13306.55,43911.6,102460.4,70.0
80,Бомбер женский морковный в клетку,2069,1,12.0,146064.0,0.346,52.4138,A,12172.0,43819.2,102244.8,70.0
81,Джемпер агата шерсть,"2192, 2193, 2263, 2381, 2382, 2383, 2614, 2624, 2672, 2707, 2717",11,28.0,145700.0,0.3451,52.7589,A,5203.57,43710.0,101990.0,70.0
82,Джемпер женский грибочки лайм с маренго,984,1,25.0,144860.0,0.3431,53.1021,A,5794.4,43458.0,101402.0,70.0
83,Жилет трикотажный бадминтон,2324,2,32.0,142460.0,0.3375,53.4395,A,4451.88,42738.0,99722.0,70.0
84,Жилет джинсовый,"1331, 2329, 2344, 2364, 2475",6,35.0,142102.8,0.3366,53.7761,A,4060.08,42630.84,99471.96,70.0
85,Кардиган с воротником на пуговицах,"2295, 2303, 2304, 2340, 2341",5,33.0,142074.0,0.3365,54.1127,A,4305.27,42622.2,99451.8,70.0
86,Джемпер женский грибочки травяной,2228,1,23.0,138754.0,0.3287,54.4414,A,6032.78,41626.2,97127.8,70.0
87,Кардиган трикотажный на завязках,"2319, 2343, 2361, 2362, 2367, 2378, 2452",7,28.0,134726.0,0.3191,54.7605,A,4811.64,40417.8,94308.2,70.0
88,Тельняшка тонкая,"1256, 1263, 1264, 1265, 1266, 1267, 659, 852, 854, 937, 938, 939",12,78.0,132500.0,0.3139,55.0744,A,1698.72,39750.0,92750.0,70.0
89,Куртка стеганая женская шоколад,2102,1,17.0,131354.0,0.3111,55.3855,A,7726.71,39406.2,91947.8,70.0
90,Джемпер незабудки женский желтый,1199,1,24.0,130798.0,0.3098,55.6953,A,5449.92,39239.4,91558.6,70.0
91,Жакет с поясом искусственный шелк,"2217, 2218, 2219",3,29.0,130561.0,0.3093,56.0046,A,4502.1,39168.3,91392.7,70.0
92,Сарафан на бретелях вискоза,"2527, 2528",2,18.0,129490.0,0.3067,56.3113,A,7193.89,38847.0,90643.0,70.0
93,Свитер с горлом,"1054, 1286, 168, 2122, 497, 55, 58, 740, 763, 834, 855",11,55.0,129101.02,0.3058,56.6171,A,2347.29,38730.31,90370.71,70.0
94,Косынка трикотажная шерсть,"2168, 2239, 2240, 2787, 2794",5,45.0,127187.0,0.3013,56.9184,A,2826.38,38156.1,89030.9,70.0
95,Юбка вискоза миди олива в цветок,1255,1,43.0,126790.0,0.3003,57.2188,A,2948.6,38037.0,88753.0,70.0
96,Джемпер мужской грибочки травяной,"2033, 2262",1,17.0,124624.0,0.2952,57.514,A,7330.82,37387.2,87236.8,70.0
97,Рубашка женская из тенсела ириска,1225,1,27.0,123198.0,0.2918,57.8058,A,4562.89,36959.4,86238.6,70.0
98,Платье интерлок макси,"2163, 2177, 2178, 2186, 2757, 831",7,19.0,122006.0,0.289,58.0948,A,6421.37,36601.8,85404.2,70.0
99,Джемпер грибочки травяной,986,1,21.0,121180.0,0.287,58.3819,A,5770.48,36354.0,84826.0,70.0
100,Джемпер бантики,2688,1,20.0,120960.0,0.2865,58.6684,A,6048.0,36288.0,84672.0,70.0
101,Джемпер детский ромашки,"1296, 868, 870, 871",4,38.0,120772.0,0.2861,58.9545,A,3178.21,36231.6,84540.4,70.0
102,Рубашка льняная,"1335, 1336, 2030, 2038, 2047, 2051, 963",7,23.0,119267.0,0.2825,59.237,A,5185.52,35780.1,83486.9,70.0
103,Джемпер лютики голубой,2353,1,20.0,119050.0,0.282,59.519,A,5952.5,35715.0,83335.0,70.0
104,Парка английская на шерстяной подкладке,"2147, 2280",3,12.0,118996.0,0.2819,59.8009,A,9916.33,35698.8,83297.2,70.0
105,Лонгслив трикотажный женский,"1182, 1205, 1219",3,65.0,118995.0,0.2819,60.0827,A,1830.69,35698.5,83296.5,70.0
106,Бомбер женский шоколадный в клетку,2072,1,9.0,117100.0,0.2774,60.3601,A,13011.11,35130.0,81970.0,70.0
107,Юбка вискоза миди бежевый в цветок,1253,2,39.0,115287.0,0.2731,60.6332,A,2956.08,34586.1,80700.9,70.0
108,Поло трикотажное,2321,1,33.0,114964.0,0.2723,60.9055,A,3483.76,34489.2,80474.8,70.0
109,Джемпер клубнички женский бежевый,1232,1,21.0,114390.0,0.271,61.1765,A,5447.14,34317.0,80073.0,70.0
110,Джинсовка хлопковая,2531,1,14.0,113113.0,0.2679,61.4444,A,8079.5,33933.9,79179.1,70.0
111,Джемпер джеки нью интерлок,"1147, 2612",2,22.0,113082.6,0.2679,61.7123,A,5140.12,33924.78,79157.82,70.0
112,Дождевик женский,2584,1,10.0,108904.0,0.258,61.9703,A,10890.4,32671.2,76232.8,70.0
113,Топ на широких бретелях искусственный шелк,"2209, 2210, 2211, 2212, 2213, 2461",6,44.0,108501.0,0.257,62.2273,A,2465.93,32550.3,75950.7,70.0
114,Тренч женский графит,1032,1,12.0,108360.0,0.2567,62.484,A,9030.0,32508.0,75852.0,70.0
115,Бомбер женский ореховый в клетку,2068,1,9.0,107780.0,0.2553,62.7393,A,11975.56,32334.0,75446.0,70.0
116,Джемпер лютики кремовый,2354,1,18.0,107462.0,0.2546,62.9938,A,5970.11,32238.6,75223.4,70.0
117,Поло трикотажное розовый с лаймом,2355,1,30.0,106706.0,0.2528,63.2466,A,3556.87,32011.8,74694.2,70.0
118,Жилет костюмный сливочно-желтый,2310,1,19.0,106190.0,0.2515,63.4981,A,5588.95,31857.0,74333.0,70.0
119,Платье город,"2499, 2543",2,13.0,101060.0,0.2394,63.7375,A,7773.85,30318.0,70742.0,70.0
120,Футболка базовая,"913, 934, 935, 936, 989, 990, 991",7,62.0,99955.4,0.2368,63.9743,A,1612.18,29986.62,69968.78,70.0
121,Платье тонкое трикотажное косичка макси,2457,1,17.0,99140.0,0.2348,64.2091,A,5831.76,29742.0,69398.0,70.0
122,Джемпер тюльпаны,2833,1,15.0,98078.0,0.2323,64.4415,A,6538.53,29423.4,68654.6,70.0
123,Джемпер подснежники светлый беж,2832,1,15.0,97932.0,0.232,64.6734,A,6528.8,29379.6,68552.4,70.0
124,Джемпер ромашки нью,"2795, 2806, 2807, 2831",4,14.0,96512.0,0.2286,64.9021,A,6893.71,28953.6,67558.4,70.0
125,Джемпер чешуйки оверсайз байкал,1193,1,15.0,95790.0,0.2269,65.129,A,6386.0,28737.0,67053.0,70.0
126,Пальто женское оверсайз серое в клетку,2100,1,6.0,95760.0,0.2268,65.3558,A,15960.0,28728.0,67032.0,70.0
127,Топ с горлом в рубчик,"1175, 1209, 1244, 2054, 2058, 2093",6,57.0,95092.81,0.2253,65.581,A,1668.29,28527.84,66564.97,70.0
128,Рубашка женская oversize фланель клетка ириска,2055,1,19.0,93760.0,0.2221,65.8031,A,4934.74,28128.0,65632.0,70.0
129,Джемпер женский софи брусника,2569,1,16.0,92380.0,0.2188,66.022,A,5773.75,27714.0,64666.0,70.0
130,Свитер базовый мужской,"1062, 1103, 2316",3,21.0,91950.0,0.2178,66.2398,A,4378.57,27585.0,64365.0,70.0
131,Жилет костюмный,"2358, 2406",2,16.0,91132.0,0.2159,66.4557,A,5695.75,27339.6,63792.4,70.0
132,Парка английская,2516,1,9.0,90970.0,0.2155,66.6711,A,10107.78,27291.0,63679.0,70.0
133,Шапка взрослая брусника,400,1,75.0,89256.0,0.2114,66.8826,A,1190.08,26776.8,62479.2,70.0
134,Джемпер чешуйки оверсайз синий,2079,1,13.0,89216.0,0.2113,67.0939,A,6862.77,26764.8,62451.2,70.0
135,Брюки женские вискоза,"2028, 2490, 2521",3,21.0,88750.0,0.2102,67.3041,A,4226.19,26625.0,62125.0,70.0
136,Пальто-жакет женский утепленный,"2651, 2899",2,6.0,86500.0,0.2049,67.509,A,14416.67,25950.0,60550.0,70.0
137,Рубашка женская oversize фланель клетка,"1067, 1069",3,20.0,84930.0,0.2012,67.7102,A,4246.5,25479.0,59451.0,70.0
138,Сарафан на бретелях муслин,"2494, 2495, 2542",3,11.0,83550.0,0.1979,67.9081,A,7595.45,25065.0,58485.0,70.0
139,Свитер базовый шерсть голубой,1043,1,21.0,83550.0,0.1979,68.106,A,3978.57,25065.0,58485.0,70.0
140,Джемпер джеки интерлок тауп,1081,1,17.0,82409.0,0.1952,68.3012,A,4847.59,24722.7,57686.3,70.0
141,Джемпер клубнички женский,1231,1,15.0,81314.0,0.1926,68.4939,A,5420.93,24394.2,56919.8,70.0
142,Пальто стеганое женское ежевика,2096,1,8.0,80231.0,0.19,68.6839,A,10028.88,24069.3,56161.7,70.0
143,Блуза бохо из тенсела,2493,1,13.0,79960.0,0.1894,68.8733,A,6150.77,23988.0,55972.0,70.0
144,Юбка трикотажная прямая сливовый макси,2627,1,23.0,79872.2,0.1892,69.0625,A,3472.7,23961.66,55910.54,70.0
145,Юбка макси атлас,"1208, 2064, 2065",3,24.0,78467.0,0.1859,69.2484,A,3269.46,23540.1,54926.9,70.0
146,Поло трикотажное алый с розовой полосой,2301,1,23.0,76890.0,0.1821,69.4305,A,3343.04,23067.0,53823.0,70.0
147,Пальто шерстяное утепленное двубортное на пуговицах,"2638, 2639",2,3.0,76850.0,0.182,69.6126,A,25616.67,23055.0,53795.0,70.0
148,Костюм домашний женский хоум,"2632, 2633, 2635",3,22.0,76140.0,0.1804,69.7929,A,3460.91,22842.0,53298.0,70.0
149,Лонгслив трикотажный женский байкал,1183,1,39.0,75999.0,0.18,69.9729,A,1948.69,22799.7,53199.3,70.0
150,Юбка вискоза миди небесно-голубая,1254,1,26.0,75292.0,0.1784,70.1513,A,2895.85,22587.6,52704.4,70.0
151,Брюки спортик женские,2554,1,13.0,74586.0,0.1767,70.328,A,5737.38,22375.8,52210.2,70.0
152,Юбка трикотажная в рубчик миди,"1304, 1306, 1307, 1310, 1312, 1313, 2135",7,25.0,74450.0,0.1764,70.5043,A,2978.0,22335.0,52115.0,70.0
153,Пальто шерстяное двубортное на пуговицах,"2677, 2678",2,4.0,74250.0,0.1759,70.6802,A,18562.5,22275.0,51975.0,70.0
154,Юбка трикотажная а-силуэта шерсть,"2474, 2625, 2674",3,19.0,73612.0,0.1744,70.8546,A,3874.32,22083.6,51528.4,70.0
155,Джемпер листочки двусторонний светло-желтый,928,1,13.0,73400.0,0.1739,71.0284,A,5646.15,22020.0,51380.0,70.0
156,Джемпер авангард жаккард оверсайз шерсть,"2666, 2693",2,9.0,71996.0,0.1705,71.199,A,7999.56,21598.8,50397.2,70.0
157,Тренч женский светлый беж,892,2,7.0,71990.0,0.1705,71.3695,A,10284.29,21597.0,50393.0,70.0
158,Свитер базовый шерсть алый,1090,2,18.0,71920.0,0.1704,71.5399,A,3995.56,21576.0,50344.0,70.0
159,Свитер базовый мужской джинс,1048,1,17.0,71400.0,0.1691,71.709,A,4200.0,21420.0,49980.0,70.0
160,Джемпер сердечки детский,"1245, 1246, 1247, 1289",4,18.0,70290.0,0.1665,71.8755,A,3905.0,21087.0,49203.0,70.0
161,Шарф взрослый брусника,403,1,31.0,70288.0,0.1665,72.042,A,2267.35,21086.4,49201.6,70.0
162,Пальто шерсятяное двубортное с поясом,2605,1,4.0,69750.0,0.1652,72.2072,A,17437.5,20925.0,48825.0,70.0
163,Шапка взрослая алый,521,1,60.0,69300.0,0.1642,72.3714,A,1155.0,20790.0,48510.0,70.0
164,Рубашка женская из тенсела нежно-голубая в цветок,1288,1,15.0,68680.0,0.1627,72.5341,A,4578.67,20604.0,48076.0,70.0
165,Юбка трикотажная прямая бургунди миди,2150,1,20.0,68460.0,0.1622,72.6962,A,3423.0,20538.0,47922.0,70.0
166,Юбка плиссе трикотажная мини,"2302, 2339, 2345",3,28.0,68164.0,0.1615,72.8577,A,2434.43,20449.2,47714.8,70.0
167,Джемпер ромашки голубой,848,1,14.0,68045.0,0.1612,73.0189,A,4860.36,20413.5,47631.5,70.0
168,Брюки женские флисовые,"2777, 2779, 2781, 2885, 2888",5,16.0,68025.0,0.1611,73.18,A,4251.56,20407.5,47617.5,70.0
169,Шапка детская,"2760, 329, 332, 336, 338, 340, 347, 366, 378, 381, 387, 396, 423, 424, 428, 433, 434, 485, 586, 765, 770, 779, 840, 841, 842, 843, 918",27,71.0,67253.5,0.1593,73.3393,A,947.23,20176.05,47077.45,70.0
170,Свитер базовый круглый ворот,"1037, 1038, 1214",3,20.0,67165.0,0.1591,73.4984,A,3358.25,20149.5,47015.5,70.0
171,Юбка миди атласная,"1220, 977, 980",3,20.0,66730.0,0.1581,73.6565,A,3336.5,20019.0,46711.0,70.0
172,Джемпер незабудки женский шоколад с розовым,2325,1,12.0,66700.0,0.158,73.8145,A,5558.33,20010.0,46690.0,70.0
173,Юбка трикотаж а-силуэта тауп кукурузка,1195,1,22.0,66510.0,0.1575,73.972,A,3023.18,19953.0,46557.0,70.0
174,Кардиган чешуйки жаккард полынь,2105,1,11.0,65980.0,0.1563,74.1283,A,5998.18,19794.0,46186.0,70.0
175,Юбка миди атлас шоколад леопард,1295,1,19.0,65690.0,0.1556,74.2839,A,3457.37,19707.0,45983.0,70.0
176,Поло трикотажное ажур ананас,"2399, 2424, 2425, 2426, 2427, 2429, 2430, 2431",9,12.0,65570.0,0.1553,74.4393,A,5464.17,19671.0,45899.0,70.0
177,Футболка мужская,"1135, 1136, 1138, 2062",4,38.0,65502.5,0.1552,74.5944,A,1723.75,19650.75,45851.75,70.0
178,Футболка трикотажная шерсть,"2279, 2384, 2388, 2392, 2395, 2408, 2458",7,20.0,65114.0,0.1542,74.7487,A,3255.7,19534.2,45579.8,70.0
179,Рубашка женская из тенсела молочная в цветок,1317,1,13.0,64230.0,0.1521,74.9008,A,4940.77,19269.0,44961.0,70.0
180,Свитшот женский,"2549, 2550",2,10.0,62764.0,0.1487,75.0495,A,6276.4,18829.2,43934.8,70.0
181,Поло трикотажное алый с розовым,2338,1,17.0,62230.0,0.1474,75.1969,A,3660.59,18669.0,43561.0,70.0
182,Шапка мужская бини,"1016, 1017, 1019, 1021, 1023, 1024, 1109",7,68.0,61995.0,0.1469,75.3437,A,911.69,18598.5,43396.5,70.0
183,Брюки на завязках вискоза,"2469, 2797",2,11.0,61784.0,0.1464,75.4901,A,5616.73,18535.2,43248.8,70.0
184,Жилет геометрия,"2336, 2337",2,14.0,61448.0,0.1456,75.6357,A,4389.14,18434.4,43013.6,70.0
185,Рубашка женская oversize фланель клетка орех,9,1,14.0,61140.0,0.1448,75.7805,A,4367.14,18342.0,42798.0,70.0
186,Юбка макси атлас индиго,2063,1,20.0,61065.5,0.1447,75.9251,A,3053.28,18319.65,42745.85,70.0
187,Палантин трикотажный листочки олива-хаки,1106,1,19.0,60499.69,0.1433,76.0684,A,3184.19,18149.91,42349.78,70.0
188,Юбка трикотажная софи брусника макси,2616,1,10.0,59812.0,0.1417,76.2101,A,5981.2,17943.6,41868.4,70.0
189,Юбка трикотажная прямая маренго миди,2185,1,18.0,59710.0,0.1414,76.3516,A,3317.22,17913.0,41797.0,70.0
190,Платье агата мини велюр,"2202, 2203",2,11.0,58570.0,0.1387,76.4903,A,5324.55,17571.0,40999.0,70.0
191,Рубашка женская oversize фланель клетка шоколадно-молочный,2643,2,10.0,58058.0,0.1375,76.6278,A,5805.8,17417.4,40640.6,70.0
192,Джемпер кувшинки,"2808, 2812, 2813, 2814, 2824",5,10.0,57512.0,0.1362,76.7641,A,5751.2,17253.6,40258.4,70.0
193,Рубашка женская вискоза красная в цветок,1252,1,17.0,57240.0,0.1356,76.8997,A,3367.06,17172.0,40068.0,70.0
194,Палантин трикотажный листочки розово-лаймовый,1111,1,18.0,57223.0,0.1355,77.0352,A,3179.06,17166.9,40056.1,70.0
195,Лонгслив трикотажный женский лайм,1181,1,32.0,57220.0,0.1355,77.1707,A,1788.12,17166.0,40054.0,70.0
196,Кардиган leo жаккард светлый,680,2,12.0,57060.0,0.1352,77.3059,A,4755.0,17118.0,39942.0,70.0
197,Джемпер лайт шерсть,"1079, 2252, 495",3,19.0,56178.0,0.1331,77.439,A,2956.74,16853.4,39324.6,70.0
198,Юбка трикотажная прямая тауп миди,2221,1,16.0,56136.0,0.133,77.572,A,3508.5,16840.8,39295.2,70.0
199,Пальто женское оверсайз шоколадное в клетку,2129,1,4.0,55690.0,0.1319,77.7039,A,13922.5,16707.0,38983.0,70.0
200,Джемпер подснежники,2915,1,9.0,55610.0,0.1317,77.8356,A,6178.89,16683.0,38927.0,70.0
201,Джемпер листочки двусторонний голубой,987,1,10.0,55300.0,0.131,77.9666,A,5530.0,16590.0,38710.0,70.0
202,Поло трикотажное шоколадный с липовым,2359,1,16.0,55010.0,0.1303,78.0969,A,3438.12,16503.0,38507.0,70.0
203,Юбка трикотажная прямая полынь миди,2156,1,16.0,54904.0,0.1301,78.227,A,3431.5,16471.2,38432.8,70.0
204,Брюки спортик женские зеленый олива,2553,1,10.0,54468.0,0.129,78.356,A,5446.8,16340.4,38127.6,70.0
205,Джемпер ромашки розовый,857,1,11.0,54458.3,0.129,78.485,A,4950.75,16337.49,38120.81,70.0
206,Брюки фланель широкие в клетку шоко с,2652,2,10.0,54150.0,0.1283,78.6132,A,5415.0,16245.0,37905.0,70.0
207,Палантин трикотажный рыбка,"2721, 2785, 2796",3,13.0,53900.0,0.1277,78.7409,A,4146.15,16170.0,37730.0,70.0
208,Жилет ромашки,"1236, 1268, 1287, 906",4,17.0,53702.0,0.1272,78.8681,A,3158.94,16110.6,37591.4,70.0
209,Поло мужское трикотажное,"2505, 2522",2,9.0,53576.0,0.1269,78.995,A,5952.89,16072.8,37503.2,70.0
210,Джемпер рыбка маренго с серым стандарт,2654,1,9.0,53340.0,0.1264,79.1214,A,5926.67,16002.0,37338.0,70.0
211,Джемпер джеки нью интерлок шерсть,"2692, 2744",2,8.0,52920.0,0.1254,79.2467,A,6615.0,15876.0,37044.0,70.0
212,Брюки льняные широкие,968,1,10.0,52609.0,0.1246,79.3714,A,5260.9,15782.7,36826.3,70.0
213,Джемпер джеки интерлок байкал,141,1,10.0,52476.0,0.1243,79.4957,A,5247.6,15742.8,36733.2,70.0
214,Свитшот женский зеленый олива,2551,1,9.0,51996.0,0.1232,79.6188,A,5777.33,15598.8,36397.2,70.0
215,Платье этника трикотажное жаккард макси,2676,1,4.0,51750.0,0.1226,79.7414,A,12937.5,15525.0,36225.0,70.0
216,Джемпер монпансье,"2809, 2816, 2817, 2829",4,8.0,51160.0,0.1212,79.8626,A,6395.0,15348.0,35812.0,70.0
217,Свитер кострома v-вырез,"1092, 1127, 2288, 2599",4,14.0,51140.0,0.1211,79.9837,A,3652.86,15342.0,35798.0,70.0
218,Свитер женский релакс круглый ворот,"2576, 2577, 2578",3,9.0,50348.0,0.1193,80.103,A,5594.22,15104.4,35243.6,70.0
219,Джемпер авангард жаккард оверсайз джинс с голубым,2634,1,9.0,50024.0,0.1185,80.2215,B,5558.22,15007.2,35016.8,70.0
220,Юбка миди атласная нефрит,1070,1,15.0,50018.0,0.1185,80.34,B,3334.53,15005.4,35012.6,70.0
221,Палантин трикотажный листочки шерсть шоколадно-бежевый,2231,1,11.0,49600.0,0.1175,80.4575,B,4509.09,14880.0,34720.0,70.0
222,Куртка стеганая женская шоколад круглый ворот,2116,1,9.0,48986.0,0.116,80.5735,B,5442.89,14695.8,34290.2,70.0
223,Брюки из вискозы цветы синий,2285,1,15.0,48552.0,0.115,80.6885,B,3236.8,14565.6,33986.4,70.0
224,Футболка трикотажная косичка байкал,1338,1,20.0,48140.0,0.114,80.8026,B,2407.0,14442.0,33698.0,70.0
225,Джемпер алиса бургунди шерсть,2176,1,9.0,48050.0,0.1138,80.9164,B,5338.89,14415.0,33635.0,70.0
226,Джемпер ирония судьбы изумруд с розовой полосой,2690,1,8.0,47926.0,0.1135,81.0299,B,5990.75,14377.8,33548.2,70.0
227,Поло трикотажное черный с полосой травяной,2347,1,15.0,47682.0,0.1129,81.1429,B,3178.8,14304.6,33377.4,70.0
228,Юбка трикотажная прямая бургунди макси,2148,1,14.0,47680.0,0.1129,81.2558,B,3405.71,14304.0,33376.0,70.0
229,Юбка трикотажная прямая маренго макси,2375,1,13.0,47196.0,0.1118,81.3676,B,3630.46,14158.8,33037.2,70.0
230,Юбка трикотажная прямая шерсть макси горький шоколад,2175,1,11.0,46860.0,0.111,81.4786,B,4260.0,14058.0,32802.0,70.0
231,Юбка трикотажная прямая сливовый миди,2659,1,13.0,46588.0,0.1104,81.589,B,3583.69,13976.4,32611.6,70.0
232,Футболка трикотажная мята oversize,1251,1,21.0,46262.0,0.1096,81.6985,B,2202.95,13878.6,32383.4,70.0
233,Платье одри макси полынь круглый ворот,2436,1,7.0,46260.0,0.1096,81.8081,B,6608.57,13878.0,32382.0,70.0
234,Юбка лапша тауп,1167,1,16.0,46127.89,0.1093,81.9174,B,2882.99,13838.37,32289.52,70.0
235,Тельняшка тонкая красный,654,1,23.0,45463.95,0.1077,82.0251,B,1976.69,13639.18,31824.77,70.0
236,Свитер с горлом брусника,1170,1,19.0,45460.0,0.1077,82.1328,B,2392.63,13638.0,31822.0,70.0
237,Рубашка женская вискоза незабудки,1248,1,11.0,45289.98,0.1073,82.24,B,4117.27,13586.99,31702.99,70.0
238,Шапка взрослая байкал,1059,1,40.0,45066.0,0.1068,82.3468,B,1126.65,13519.8,31546.2,70.0
239,Платье агата мини искусственный шелк,"2204, 2205",2,10.0,44620.0,0.1057,82.4525,B,4462.0,13386.0,31234.0,70.0
240,Юбка лапша олива,1161,1,15.0,43900.0,0.104,82.5565,B,2926.67,13170.0,30730.0,70.0
241,Манишка на завязках с воротом шерсть светлый,2276,1,12.0,43775.4,0.1037,82.6602,B,3647.95,13132.62,30642.78,70.0
242,Топ трикотажный ажур волна,"2451, 2453, 2454, 2455, 2465",5,12.0,43736.0,0.1036,82.7638,B,3644.67,13120.8,30615.2,70.0
243,Кардиган зебра оверсайз жаккард брусника с маренго,2646,1,7.0,43560.0,0.1032,82.867,B,6222.86,13068.0,30492.0,70.0
244,Юбка костюмная мини сливочно-желтый,2307,1,11.0,43260.0,0.1025,82.9694,B,3932.73,12978.0,30282.0,70.0
245,Бомбер женский серый в клетку,2074,1,3.0,42920.0,0.1017,83.0711,B,14306.67,12876.0,30044.0,70.0
246,Блузка женская с рюшей из тенсела,1203,1,9.0,42860.0,0.1015,83.1726,B,4762.22,12858.0,30002.0,70.0
247,Джемпер кувшинки байкал-сирень,2810,1,7.0,42776.0,0.1013,83.274,B,6110.86,12832.8,29943.2,70.0
248,Жилет баба-яга,2537,1,7.0,42560.0,0.1008,83.3748,B,6080.0,12768.0,29792.0,70.0
249,Джемпер ромашки желтый с мятным,873,1,8.0,42320.0,0.1002,83.475,B,5290.0,12696.0,29624.0,70.0
250,Юбка трикотажная прямая шоколад миди,2158,1,12.0,42320.0,0.1002,83.5753,B,3526.67,12696.0,29624.0,70.0
251,Блуза бохо из тенсела горох,"2491, 2492",2,8.0,42180.0,0.0999,83.6752,B,5272.5,12654.0,29526.0,70.0
252,Платье одри макси джинс круглый ворот,2393,1,6.0,42120.0,0.0998,83.7749,B,7020.0,12636.0,29484.0,70.0
253,Юбка трикотажная а-силуэта,"2411, 2587, 2608, 2622",4,12.0,41590.0,0.0985,83.8735,B,3465.83,12477.0,29113.0,70.0
254,Платье тонкое трикотажное косичка макси брусника,2503,1,8.0,41420.0,0.0981,83.9716,B,5177.5,12426.0,28994.0,70.0
255,Юбка макси атлас шоколад леопард,1294,1,12.0,41076.0,0.0973,84.0689,B,3423.0,12322.8,28753.2,70.0
256,Юбка миди атласная беж,979,1,12.0,40580.0,0.0961,84.165,B,3381.67,12174.0,28406.0,70.0
257,Подарочный сертификат 10 000,1116,1,4.0,40000.0,0.0948,84.2598,B,10000.0,12000.0,28000.0,70.0
258,Поло трикотажное морская волна с молочным,2480,1,12.0,39834.0,0.0944,84.3541,B,3319.5,11950.2,27883.8,70.0
259,Анорак женский флисовый,"2782, 2841, 2843, 2884, 2887",5,10.0,39605.0,0.0938,84.4479,B,3960.5,11881.5,27723.5,70.0
260,Брюки прямые утепленные,2636,1,11.0,39540.0,0.0937,84.5416,B,3594.55,11862.0,27678.0,70.0
261,Свитер кострома джинс,1083,1,11.0,39280.0,0.093,84.6346,B,3570.91,11784.0,27496.0,70.0
262,Капор шерсть,"2629, 2640",2,14.0,39277.0,0.093,84.7277,B,2805.5,11783.1,27493.9,70.0
263,Джемперу двусторонний конфетки,1130,1,8.0,39008.5,0.0924,84.8201,B,4876.06,11702.55,27305.95,70.0
264,Кардиган оверсайз интерлок шерсть,2691,1,5.0,38958.0,0.0923,84.9124,B,7791.6,11687.4,27270.6,70.0
265,Жилет стеганый двусторонний с карманами,"2687, 2773, 2839",3,7.0,38860.0,0.0921,85.0044,B,5551.43,11658.0,27202.0,70.0
266,Футболка женская оверсайз с декором олива,1217,1,15.0,38767.0,0.0918,85.0962,B,2584.47,11630.1,27136.9,70.0
267,Рубашка женская хлопок,2041,1,9.0,38680.0,0.0916,85.1879,B,4297.78,11604.0,27076.0,70.0
268,Брюки женские вискоза листья,1325,1,10.0,38672.0,0.0916,85.2795,B,3867.2,11601.6,27070.4,70.0
269,Свитер с горлом ежевика,1055,1,16.0,38472.72,0.0911,85.3706,B,2404.55,11541.82,26930.9,70.0
270,Рубашка женская из тенсела серая акварель,2473,1,7.0,38396.0,0.091,85.4616,B,5485.14,11518.8,26877.2,70.0
271,Платье лапша v-вырез one size,"2023, 2025, 2026",3,11.0,38230.0,0.0906,85.5521,B,3475.45,11469.0,26761.0,70.0
272,Футболка трикотажная,1250,1,15.0,38142.8,0.0904,85.6425,B,2542.85,11442.84,26699.96,70.0
273,Футболка трикотаж,1259,1,15.0,38130.0,0.0903,85.7328,B,2542.0,11439.0,26691.0,70.0
274,Футболка трикотаж молочный oversize,1260,1,16.0,37526.0,0.0889,85.8217,B,2345.38,11257.8,26268.2,70.0
275,Шапка взрослая джинс,236,1,32.0,37476.0,0.0888,85.9105,B,1171.12,11242.8,26233.2,70.0
276,Юбка город синий графит макси,2557,1,6.0,37296.0,0.0883,85.9988,B,6216.0,11188.8,26107.2,70.0
277,Юбка атласная миди,978,1,11.0,37210.0,0.0881,86.0869,B,3382.73,11163.0,26047.0,70.0
278,Платье ирис из вискозы в цветок,1339,1,8.0,37090.0,0.0879,86.1748,B,4636.25,11127.0,25963.0,70.0
279,Джемпер лисичка,1150,1,7.0,36620.0,0.0867,86.2615,B,5231.43,10986.0,25634.0,70.0
280,Джемпер базовый укороченный,"1185, 1186, 1187",3,14.0,36396.0,0.0862,86.3478,B,2599.71,10918.8,25477.2,70.0
281,Юбка джинсовая макси,2346,1,6.0,36288.0,0.086,86.4337,B,6048.0,10886.4,25401.6,70.0
282,Джемпер бантики сливовый с байкалом,2741,1,6.0,36054.0,0.0854,86.5191,B,6009.0,10816.2,25237.8,70.0
283,Юбка из тафты мини,2714,2,9.0,35952.0,0.0852,86.6043,B,3994.67,10785.6,25166.4,70.0
284,Юбка трикотажная в рубчик макси фуксия,1300,1,13.0,35640.0,0.0844,86.6887,B,2741.54,10692.0,24948.0,70.0
285,Юбка джинсовая макси зебра,2356,1,6.0,35392.0,0.0838,86.7725,B,5898.67,10617.6,24774.4,70.0
286,Кардиган зебра оверсайз жаккард черный с белым,2618,1,7.0,35265.0,0.0835,86.8561,B,5037.86,10579.5,24685.5,70.0
287,Поло трикотажное алый с шоколадной полосой,2368,1,11.0,35200.0,0.0834,86.9395,B,3200.0,10560.0,24640.0,70.0
288,Джемпер незабудки женский,2323,1,6.0,34640.0,0.0821,87.0215,B,5773.33,10392.0,24248.0,70.0
289,Брюки палаццо вискоза корица в полоску,2107,1,8.0,34550.0,0.0818,87.1034,B,4318.75,10365.0,24185.0,70.0
290,Джемпер джеки нью интерлок тауп,2610,1,6.0,34410.0,0.0815,87.1849,B,5735.0,10323.0,24087.0,70.0
291,Джемпер джаред оверсайз байкал,1025,1,6.0,33774.0,0.08,87.2649,B,5629.0,10132.2,23641.8,70.0
292,Пиджак льняной,"686, 988",2,5.0,33480.0,0.0793,87.3442,B,6696.0,10044.0,23436.0,70.0
293,Шорты вискоза,"1272, 1280, 1281, 1282, 2512, 2532",6,9.0,32910.0,0.078,87.4221,B,3656.67,9873.0,23037.0,70.0
294,Рубашка с коротким рукавом бежевая с незабудками,2390,1,8.0,32692.4,0.0774,87.4996,B,4086.55,9807.72,22884.68,70.0
295,Куртка стеганая женская фуксия круглый ворот,2115,1,6.0,32600.0,0.0772,87.5768,B,5433.33,9780.0,22820.0,70.0
296,Джемпер джеки,"2125, 51",2,7.0,32560.0,0.0771,87.6539,B,4651.43,9768.0,22792.0,70.0
297,Тельняшка тонкая фуксия,642,1,31.0,32500.0,0.077,87.7309,B,1048.39,9750.0,22750.0,70.0
298,Юбка трикотажная прямая тауп макси,2220,1,9.0,32470.0,0.0769,87.8078,B,3607.78,9741.0,22729.0,70.0
299,Брюки на завязках хлопок небесно-голубой,2470,1,6.0,32190.0,0.0763,87.8841,B,5365.0,9657.0,22533.0,70.0
300,Джемпер авангард жаккард оверсайз серо-голубой c синим,2667,1,5.0,31820.0,0.0754,87.9594,B,6364.0,9546.0,22274.0,70.0
301,Топ на бретелях атлас,"1071, 1133, 2286",3,21.0,31810.0,0.0754,88.0348,B,1514.76,9543.0,22267.0,70.0
302,Платье лапшаv-вырез one size,2024,1,8.0,31710.0,0.0751,88.1099,B,3963.75,9513.0,22197.0,70.0
303,Палантин баба-яга,2535,1,6.0,31430.0,0.0745,88.1844,B,5238.33,9429.0,22001.0,70.0
304,Поло трикотажное горький шоколад с липовым,2479,1,9.0,31320.0,0.0742,88.2585,B,3480.0,9396.0,21924.0,70.0
305,Худи мужское с капюшоном,"1257, 1292",2,6.0,31160.0,0.0738,88.3324,B,5193.33,9348.0,21812.0,70.0
306,Шапка взрослая шерсть олива,1029,1,19.0,31092.31,0.0737,88.406,B,1636.44,9327.69,21764.62,70.0
307,Брюки трикотаж шерсть горький шоколад,2256,1,6.0,31080.0,0.0736,88.4796,B,5180.0,9324.0,21756.0,70.0
308,Юбка лапша черный макси,2082,1,9.0,30960.0,0.0733,88.553,B,3440.0,9288.0,21672.0,70.0
309,Платье комбинация искуственный шелк голубой шк,791,1,8.0,30740.0,0.0728,88.6258,B,3842.5,9222.0,21518.0,70.0
310,Топ в рубчик v-вырез беж,68,1,23.0,30664.0,0.0726,88.6984,B,1333.22,9199.2,21464.8,70.0
311,Юбка лапша графит макси,2081,1,9.0,30590.0,0.0725,88.7709,B,3398.89,9177.0,21413.0,70.0
312,Юбка вискоза миди,"900, 924, 942",3,11.0,30580.0,0.0724,88.8433,B,2780.0,9174.0,21406.0,70.0
313,Снуд шерсть,"2257, 2268, 2269, 2270, 2271, 2272, 2293, 2294, 2670, 2689, 2703, 2761, 2767, 2770",14,42.0,30423.0,0.0721,88.9154,B,724.36,9126.9,21296.1,70.0
314,Джемпер детский ромашки зеленый,869,1,11.0,30420.0,0.0721,88.9874,B,2765.45,9126.0,21294.0,70.0
315,Лонгслив женский банановый,2555,1,9.0,30420.0,0.0721,89.0595,B,3380.0,9126.0,21294.0,70.0
316,Жакет с поясом велюр,"2225, 2226",2,7.0,30400.0,0.072,89.1315,B,4342.86,9120.0,21280.0,70.0
317,Футболка мужская олива,1140,1,18.0,30134.9,0.0714,89.2029,B,1674.16,9040.47,21094.43,70.0
318,Подарочный сертификат 5000,"1114, 2586",2,6.0,30000.0,0.0711,89.274,B,5000.0,9000.0,21000.0,70.0
319,Тельняшка тонкая небесно-голубой,655,1,17.0,29710.0,0.0704,89.3443,B,1747.65,8913.0,20797.0,70.0
320,Платье ирис льняное,1330,1,4.0,29605.0,0.0701,89.4145,B,7401.25,8881.5,20723.5,70.0
321,Парка английская шерсть ореховая в клетку,2313,1,2.0,29600.0,0.0701,89.4846,B,14800.0,8880.0,20720.0,70.0
322,Футболка трикотажная лайм oversize,1258,1,16.0,29598.0,0.0701,89.5547,B,1849.88,8879.4,20718.6,70.0
323,Джемпер с конем бежевый,2756,1,5.0,29512.0,0.0699,89.6246,B,5902.4,8853.6,20658.4,70.0
324,Юбка трикотажная прямая шерсть макси шоколад,2140,1,7.0,29380.0,0.0696,89.6942,B,4197.14,8814.0,20566.0,70.0
325,Джемпер лайт шерсть голубой,1078,1,10.0,29200.0,0.0692,89.7634,B,2920.0,8760.0,20440.0,70.0
326,Кардиган авангард жаккард,2728,1,4.0,29170.0,0.0691,89.8325,B,7292.5,8751.0,20419.0,70.0
327,Манишка на завязках с воротом шерсть фрезия,2247,1,9.0,29110.0,0.069,89.9014,B,3234.44,8733.0,20377.0,70.0
328,Рубашка женская вискоза в голубой цветок,2040,1,8.0,29060.0,0.0688,89.9703,B,3632.5,8718.0,20342.0,70.0
329,Шапка взрослая травяной,234,1,26.0,29036.0,0.0688,90.039,B,1116.77,8710.8,20325.2,70.0
330,Платье комбинация искуственный шелк,"461, 789, 820",3,9.0,28860.0,0.0684,90.1074,B,3206.67,8658.0,20202.0,70.0
331,Джемпер двусторонний конфетки,1129,1,6.0,28550.0,0.0676,90.175,B,4758.33,8565.0,19985.0,70.0
332,Джемпер бантики сливовый с пудрой,2720,1,5.0,28210.0,0.0668,90.2418,B,5642.0,8463.0,19747.0,70.0
333,Тельняшка тонкая зеленый,649,1,22.0,28210.0,0.0668,90.3087,B,1282.27,8463.0,19747.0,70.0
334,Юбка трикотаж а-силуэта олива кукурузка,1194,1,11.0,28060.0,0.0665,90.3751,B,2550.91,8418.0,19642.0,70.0
335,Подарочный сертификат 7000,"1115, 2662",2,4.0,27650.0,0.0655,90.4406,B,6912.5,8295.0,19355.0,70.0
336,Палантин трикотажный рыбка горький шоколад с капучино,2723,1,7.0,27450.0,0.065,90.5057,B,3921.43,8235.0,19215.0,70.0
337,Брюки лето женские вискоза синий с молочным,2509,1,7.0,27364.0,0.0648,90.5705,B,3909.14,8209.2,19154.8,70.0
338,Пальто-жакет женский морковный в клетку,2594,1,2.0,27084.0,0.0642,90.6346,B,13542.0,8125.2,18958.8,70.0
339,Платье одри макси черный ворот стойка,2389,1,4.0,27000.0,0.064,90.6986,B,6750.0,8100.0,18900.0,70.0
340,Джемпер с конем,2758,1,5.0,26840.0,0.0636,90.7622,B,5368.0,8052.0,18788.0,70.0
341,Джемпер алиса шерсть горький шоколад,2170,1,5.0,26660.0,0.0632,90.8253,B,5332.0,7998.0,18662.0,70.0
342,Шарф взрослый алый,802,1,12.0,26420.0,0.0626,90.8879,B,2201.67,7926.0,18494.0,70.0
343,Шапка взрослая горчица,220,1,20.0,26260.0,0.0622,90.9501,B,1313.0,7878.0,18382.0,70.0
344,Шапка взрослая олива,230,1,23.0,26080.0,0.0618,91.0119,B,1133.91,7824.0,18256.0,70.0
345,Джемпер aлиса с круглым воротом,2149,1,5.0,25800.0,0.0611,91.073,B,5160.0,7740.0,18060.0,70.0
346,Джемпер джеки интерлок травяной,167,1,5.0,25640.0,0.0607,91.1337,B,5128.0,7692.0,17948.0,70.0
347,Поло мужское трикотажное темный шоколад,2515,1,4.0,25600.0,0.0606,91.1944,B,6400.0,7680.0,17920.0,70.0
348,Юбка трикотажная прямая черный макси,2152,1,7.0,25450.0,0.0603,91.2547,B,3635.71,7635.0,17815.0,70.0
349,Шорты,2486,1,5.0,25316.6,0.06,91.3146,B,5063.32,7594.98,17721.62,70.0
350,Юбка атласная макси,2095,1,9.0,25307.0,0.0599,91.3746,B,2811.89,7592.1,17714.9,70.0
351,Палантин трикотажный в полоску,"2590, 2609",2,6.0,25300.0,0.0599,91.4345,B,4216.67,7590.0,17710.0,70.0
352,Платье интерлок шерсть макси горький шоколад,2174,1,3.0,24920.0,0.059,91.4935,B,8306.67,7476.0,17444.0,70.0
353,Джемпер лайт шерсть олива,46,1,9.0,24860.0,0.0589,91.5524,B,2762.22,7458.0,17402.0,70.0
354,Рубашка лето женская вискоза синий с молочным,2511,1,7.0,24678.0,0.0585,91.6109,B,3525.43,7403.4,17274.6,70.0
355,Юбка костюмная миди сливочно-желтый,2379,1,4.0,24490.0,0.058,91.6689,B,6122.5,7347.0,17143.0,70.0
356,Топ на широких бретелях вискоза,"175, 2507, 2525",3,8.0,24320.0,0.0576,91.7265,B,3040.0,7296.0,17024.0,70.0
357,Свитер кострома v-вырез лайм,1085,1,7.0,24140.0,0.0572,91.7837,B,3448.57,7242.0,16898.0,70.0
358,Футболка из тенсела,"2857, 2859, 2860, 2861, 2877",5,7.0,24120.0,0.0571,91.8408,B,3445.71,7236.0,16884.0,70.0
359,Юбка лапша синий,2111,1,8.0,24100.0,0.0571,91.8979,B,3012.5,7230.0,16870.0,70.0
360,Жилет удлиненный из тафты,2733,1,4.0,24090.0,0.0571,91.955,B,6022.5,7227.0,16863.0,70.0
361,Кардиган зебра оверсайз жаккард шерсть,"2644, 2645",2,4.0,23935.0,0.0567,92.0117,B,5983.75,7180.5,16754.5,70.0
362,Топ укороченный на бретелях,"1200, 1284, 2050",3,33.0,23872.5,0.0565,92.0682,B,723.41,7161.75,16710.75,70.0
363,Футболка женская базовая,1137,1,15.0,23854.5,0.0565,92.1247,B,1590.3,7156.35,16698.15,70.0
364,Джемпер джеки интерлок лайм,1053,1,5.0,23760.0,0.0563,92.181,B,4752.0,7128.0,16632.0,70.0
365,Свитер кострома олива,593,1,7.0,23710.0,0.0562,92.2372,B,3387.14,7113.0,16597.0,70.0
366,Поло трикотажное ваниль с шоколадом,2496,1,7.0,23630.0,0.056,92.2931,B,3375.71,7089.0,16541.0,70.0
367,Блуза с воротом стойка из тенсела горчица,2647,1,4.0,23400.0,0.0554,92.3486,B,5850.0,7020.0,16380.0,70.0
368,Брюки лето женские вискоза лайм с молочным,2508,1,6.0,23394.0,0.0554,92.404,B,3899.0,7018.2,16375.8,70.0
369,Джемпер агата шерсть горький шоколад,2230,1,4.0,23380.0,0.0554,92.4594,B,5845.0,7014.0,16366.0,70.0
370,Юбка трикотажная прямая шерсть миди горький шоколад,2184,1,6.0,23000.0,0.0545,92.5138,B,3833.33,6900.0,16100.0,70.0
371,Джемпер бантики бургунди с розовым,2729,1,4.0,22940.0,0.0543,92.5682,B,5735.0,6882.0,16058.0,70.0
372,Юбка вискоза миди синяя,902,1,8.0,22895.0,0.0542,92.6224,B,2861.88,6868.5,16026.5,70.0
373,Рубашка мужская oversize фланель,1068,1,6.0,22830.0,0.0541,92.6765,B,3805.0,6849.0,15981.0,70.0
374,Шарф взрослый джинс,258,1,11.0,22752.0,0.0539,92.7304,B,2068.36,6825.6,15926.4,70.0
375,Рубашка лето женская вискоза лайм с молочным,2510,1,6.0,22700.0,0.0538,92.7842,B,3783.33,6810.0,15890.0,70.0
376,Рубашка хлопок трюфель,2297,1,5.0,22596.0,0.0535,92.8377,B,4519.2,6778.8,15817.2,70.0
377,Шарф взрослый олива,257,1,12.0,22590.0,0.0535,92.8912,B,1882.5,6777.0,15813.0,70.0
378,Шапка взрослая шерсть голубой меланж,2242,1,13.0,22528.0,0.0534,92.9446,B,1732.92,6758.4,15769.6,70.0
379,Шарф взрослый шерсть голубой,1046,1,8.0,22100.0,0.0524,92.9969,B,2762.5,6630.0,15470.0,70.0
380,Рубашка вискоза,"946, 959, 960",3,7.0,22080.0,0.0523,93.0492,B,3154.29,6624.0,15456.0,70.0
381,Шорты зебра,2311,1,4.0,22040.0,0.0522,93.1014,B,5510.0,6612.0,15428.0,70.0
382,Юбка макси атласная нефрит,1065,1,6.0,21800.0,0.0516,93.1531,B,3633.33,6540.0,15260.0,70.0
383,Водолазка шерсть,"822, 824",2,7.0,21510.4,0.051,93.204,B,3072.91,6453.12,15057.28,70.0
384,Шарф взрослый лайм,469,1,10.0,21418.0,0.0507,93.2548,B,2141.8,6425.4,14992.6,70.0
385,Юбка этника трикотажная жаккард макси,2685,1,3.0,21240.0,0.0503,93.3051,B,7080.0,6372.0,14868.0,70.0
386,Костюм домашний женский хоум брусника,2658,1,3.0,21060.0,0.0499,93.355,B,7020.0,6318.0,14742.0,70.0
387,Платье интерлок шерсть суровый макси,2745,1,3.0,20930.0,0.0496,93.4045,B,6976.67,6279.0,14651.0,70.0
388,Юбка трикотажная прямая графит миди,2223,1,6.0,20900.0,0.0495,93.454,B,3483.33,6270.0,14630.0,70.0
389,Джемпер агата бежевый,2613,1,4.0,20790.0,0.0492,93.5033,B,5197.5,6237.0,14553.0,70.0
390,Свитер арлекино травяной с,2145,1,4.0,20770.0,0.0492,93.5525,B,5192.5,6231.0,14539.0,70.0
391,Футболка базовая олива,1139,1,16.0,20739.7,0.0491,93.6016,B,1296.23,6221.91,14517.79,70.0
392,Джемпер грибочки мужской нью,2755,1,3.0,20700.0,0.049,93.6506,B,6900.0,6210.0,14490.0,70.0
393,Юбка вискоза миди красная в цветок,899,1,7.0,20455.0,0.0485,93.6991,B,2922.14,6136.5,14318.5,70.0
394,Рубашка джинсовая мужская,2048,1,3.0,20400.0,0.0483,93.7474,B,6800.0,6120.0,14280.0,70.0
395,Джемпер авангард жаккард оверсайз,2649,1,3.0,20340.0,0.0482,93.7956,B,6780.0,6102.0,14238.0,70.0
396,Шапка взрослая шерсть горький шоколад,2182,1,14.0,20240.0,0.0479,93.8435,B,1445.71,6072.0,14168.0,70.0
397,Рубашка лен удлиненная,971,1,5.0,20200.0,0.0478,93.8914,B,4040.0,6060.0,14140.0,70.0
398,Юбка макси атласная,1221,1,6.0,20050.0,0.0475,93.9389,B,3341.67,6015.0,14035.0,70.0
399,Свитер кострома v-вырез лосось,1121,1,6.0,19960.0,0.0473,93.9862,B,3326.67,5988.0,13972.0,70.0
400,Футболка женская оверсайз,"1126, 927, 941, 956",4,13.0,19953.0,0.0473,94.0334,B,1534.85,5985.9,13967.1,70.0
401,Юбка трикотажная прямая черный миди,2151,1,6.0,19940.0,0.0472,94.0807,B,3323.33,5982.0,13958.0,70.0
402,Жилет джинсовый зебра,2296,1,5.0,19932.0,0.0472,94.1279,B,3986.4,5979.6,13952.4,70.0
403,Футболка базовая желтый,1293,1,13.0,19911.7,0.0472,94.1751,B,1531.67,5973.51,13938.19,70.0
404,Тельняшка тонкая черный,660,2,17.0,19700.0,0.0467,94.2217,B,1158.82,5910.0,13790.0,70.0
405,Шарф взрослый байкал,1142,1,9.0,19264.0,0.0456,94.2673,B,2140.44,5779.2,13484.8,70.0
406,Джемпер кружево травяной,2764,1,3.0,19040.0,0.0451,94.3125,B,6346.67,5712.0,13328.0,70.0
407,Шапка взрослая розовый,227,1,16.0,19020.0,0.0451,94.3575,B,1188.75,5706.0,13314.0,70.0
408,Свитер кострома лайм,1082,1,6.0,18970.0,0.0449,94.4024,B,3161.67,5691.0,13279.0,70.0
409,Юбка трикотажная прямая синий макси,2154,1,5.0,18950.0,0.0449,94.4473,B,3790.0,5685.0,13265.0,70.0
410,Топ в рубчик,508,1,12.0,18931.5,0.0448,94.4922,B,1577.62,5679.45,13252.05,70.0
411,Юбка лапша шоколад макси,2124,1,6.0,18820.0,0.0446,94.5368,B,3136.67,5646.0,13174.0,70.0
412,Свитер мужской релакс круглый ворот,"2579, 2581, 2583",3,3.0,18780.0,0.0445,94.5812,B,6260.0,5634.0,13146.0,70.0
413,Шапка взрослая два подворота,"276, 279, 283, 284, 285, 286, 295, 296, 733, 735",10,16.0,18750.0,0.0444,94.6257,B,1171.88,5625.0,13125.0,70.0
414,Рубашка удлиненная хлопок в полоску,967,1,5.0,18660.0,0.0442,94.6699,B,3732.0,5598.0,13062.0,70.0
415,Джинсовка хлопковая голубой,2373,1,3.0,18560.0,0.044,94.7138,B,6186.67,5568.0,12992.0,70.0
416,Лонгслив женский,"2597, 2628",2,6.0,18540.0,0.0439,94.7577,B,3090.0,5562.0,12978.0,70.0
417,Рубашка мужская oversize фланель клетка ириска,2083,1,4.0,18480.0,0.0438,94.8015,B,4620.0,5544.0,12936.0,70.0
418,Жилет ромашки коралл-мята,905,1,5.0,18400.0,0.0436,94.8451,B,3680.0,5520.0,12880.0,70.0
419,Джемпер детский грибочки,2060,1,4.0,18212.0,0.0431,94.8882,B,4553.0,5463.6,12748.4,70.0
420,Шарф баба-яга,2536,1,4.0,18170.0,0.043,94.9313,B,4542.5,5451.0,12719.0,70.0
421,Юбка вискоза миди геометрия,920,1,7.0,18110.0,0.0429,94.9742,B,2587.14,5433.0,12677.0,70.0
422,Юбка вискоза миди розовая в ромашку,943,1,6.0,17800.0,0.0422,95.0163,B,2966.67,5340.0,12460.0,70.0
423,Юбка трикотажная софи изумруд макси,2615,1,3.0,17794.0,0.0422,95.0585,C,5931.33,5338.2,12455.8,70.0
424,Джемпер ирония судьбы розовый с изумрудной полосой,2710,1,3.0,17760.0,0.0421,95.1006,C,5920.0,5328.0,12432.0,70.0
425,Юбка вискоза миди синяя в цветок,903,1,7.0,17600.0,0.0417,95.1423,C,2514.29,5280.0,12320.0,70.0
426,Юбка трикотажная прямая серо-лавандовый миди,"2588, 2739",2,5.0,17556.0,0.0416,95.1838,C,3511.2,5266.8,12289.2,70.0
427,Шапка взрослая шерсть лавандово-голубой,1033,1,11.0,17496.0,0.0414,95.2253,C,1590.55,5248.8,12247.2,70.0
428,Юбка трикотажная косичка макси а-силуэт,2489,1,4.0,17383.3,0.0412,95.2665,C,4345.82,5214.99,12168.31,70.0
429,Платье тонкое трикотажное косичка макси синий,2506,1,3.0,17252.0,0.0409,95.3073,C,5750.67,5175.6,12076.4,70.0
430,Юбка трикотажная прямая полынь макси,2153,1,5.0,17240.0,0.0408,95.3482,C,3448.0,5172.0,12068.0,70.0
431,Юбка прямая жатая с кружевом миди бежевый,2917,1,3.0,17050.0,0.0404,95.3886,C,5683.33,5115.0,11935.0,70.0
432,Палантин полимаркет в полоску,"2592, 2593",2,3.0,16800.0,0.0398,95.4283,C,5600.0,5040.0,11760.0,70.0
433,Шапка половинка взрослая,"2848, 2851, 2874, 2875, 2878, 2902, 2903, 2910, 2911, 575",10,13.0,16788.0,0.0398,95.4681,C,1291.38,5036.4,11751.6,70.0
434,Брюки классика вискоза корица в полоску,2141,1,5.0,16600.0,0.0393,95.5074,C,3320.0,4980.0,11620.0,70.0
435,Жилет ромашки розово-белый,898,1,5.0,16490.0,0.0391,95.5465,C,3298.0,4947.0,11543.0,70.0
436,Шапка взрослая шерсть темный,2233,1,11.0,16216.0,0.0384,95.5849,C,1474.18,4864.8,11351.2,70.0
437,Платье интерлок миди,830,1,3.0,16200.0,0.0384,95.6233,C,5400.0,4860.0,11340.0,70.0
438,Юбка сливочно-желлтая XL,2394,1,2.0,16200.0,0.0384,95.6617,C,8100.0,4860.0,11340.0,70.0
439,Платье женское на запах олива,1197,1,4.0,16160.0,0.0383,95.6999,C,4040.0,4848.0,11312.0,70.0
440,Джемпер ромашки зелено-желтый,849,1,3.0,15900.0,0.0377,95.7376,C,5300.0,4770.0,11130.0,70.0
441,Юбка лапша полынь макси,2080,1,5.0,15660.06,0.0371,95.7747,C,3132.01,4698.02,10962.04,70.0
442,Джемпер алиса шерсть,"2665, 2673",2,3.0,15624.0,0.037,95.8117,C,5208.0,4687.2,10936.8,70.0
443,Сарафан на завязках миди тенсел синий с голубым,2530,1,2.0,15580.0,0.0369,95.8486,C,7790.0,4674.0,10906.0,70.0
444,Юбка трикотажная в рубчик миди фуксия,1299,1,6.0,15540.0,0.0368,95.8854,C,2590.0,4662.0,10878.0,70.0
445,Зипка флисовая,"2778, 2842",2,4.0,15525.0,0.0368,95.9222,C,3881.25,4657.5,10867.5,70.0
446,Платье комбинация макси нефрит,1076,1,4.0,15504.0,0.0367,95.9589,C,3876.0,4651.2,10852.8,70.0
447,Кардиган на пуговицах,2541,1,7.0,15300.0,0.0362,95.9952,C,2185.71,4590.0,10710.0,70.0
448,Рубашка джинсовая женская зебра,2342,1,3.0,15260.0,0.0361,96.0313,C,5086.67,4578.0,10682.0,70.0
449,Платье туника с разрезом макси,2800,1,2.0,15200.0,0.036,96.0673,C,7600.0,4560.0,10640.0,70.0
450,Юбка трикотажная прямая серо-голубой миди,2883,1,4.0,15200.0,0.036,96.1033,C,3800.0,4560.0,10640.0,70.0
451,Платье трикотажное ажур колоски макси синий,2446,1,2.0,15120.0,0.0358,96.1391,C,7560.0,4536.0,10584.0,70.0
452,Юбка вискоза макси,909,2,6.0,15040.0,0.0356,96.1748,C,2506.67,4512.0,10528.0,70.0
453,Топ с горлом в рубчик фуксия,1261,1,9.0,15030.0,0.0356,96.2104,C,1670.0,4509.0,10521.0,70.0
454,Шапка взрослая сливочно-желтый,2349,1,13.0,14924.0,0.0354,96.2457,C,1148.0,4477.2,10446.8,70.0
455,Свитер с горлом зеленый,57,1,6.0,14890.0,0.0353,96.281,C,2481.67,4467.0,10423.0,70.0
456,Свитер арлекино,850,1,3.0,14880.0,0.0352,96.3162,C,4960.0,4464.0,10416.0,70.0
457,Платье интерлок макси графит,2751,1,2.0,14820.0,0.0351,96.3513,C,7410.0,4446.0,10374.0,70.0
458,Рубашка лето женская вискоза,2534,1,4.0,14820.0,0.0351,96.3864,C,3705.0,4446.0,10374.0,70.0
459,Топ на бретелях в пайетках,1095,1,10.0,14800.02,0.0351,96.4215,C,1480.0,4440.01,10360.01,70.0
460,Свитер кострома vвырез байкал,1128,1,5.0,14760.0,0.035,96.4565,C,2952.0,4428.0,10332.0,70.0
461,Джемпер алиса винный шерсть,2133,1,3.0,14756.0,0.035,96.4914,C,4918.67,4426.8,10329.2,70.0
462,Свитер кострома синий,2161,1,4.0,14640.0,0.0347,96.5261,C,3660.0,4392.0,10248.0,70.0
463,Лонгслив трикотажный,2905,1,4.0,14580.0,0.0345,96.5606,C,3645.0,4374.0,10206.0,70.0
464,Майка трикотажная v-вырез серый меланж,2377,1,7.0,14454.0,0.0342,96.5949,C,2064.86,4336.2,10117.8,70.0
465,Джемпер грибочки нью мужской,2759,1,2.0,14400.0,0.0341,96.629,C,7200.0,4320.0,10080.0,70.0
466,Футболка женская оверсайз с декором бахрома,"1213, 1215, 1216",3,6.0,14196.0,0.0336,96.6626,C,2366.0,4258.8,9937.2,70.0
467,Футболка трикотажная косичка трава,2488,1,7.0,13900.0,0.0329,96.6955,C,1985.71,4170.0,9730.0,70.0
468,Шарф взрослый шерсть горький шоколад,2237,1,5.0,13740.0,0.0325,96.7281,C,2748.0,4122.0,9618.0,70.0
469,Свитер кострома байкал,1123,1,4.0,13694.0,0.0324,96.7605,C,3423.5,4108.2,9585.8,70.0
470,Платье одри макси полынь ворот стойка,2792,1,2.0,13680.0,0.0324,96.7929,C,6840.0,4104.0,9576.0,70.0
471,Платье одри макси шоколад круглый ворот,2601,1,2.0,13680.0,0.0324,96.8253,C,6840.0,4104.0,9576.0,70.0
472,Юбка трикотажная прямая синий миди,2157,1,4.0,13608.0,0.0322,96.8576,C,3402.0,4082.4,9525.6,70.0
473,Платье интерлок,"436, 498",2,2.0,13600.0,0.0322,96.8898,C,6800.0,4080.0,9520.0,70.0
474,Платье одри макси черный круглый ворот,2391,1,2.0,13320.0,0.0316,96.9213,C,6660.0,3996.0,9324.0,70.0
475,Свитер кострома серый,1173,1,4.0,12965.0,0.0307,96.952,C,3241.25,3889.5,9075.5,70.0
476,Юбка город корица макси,2556,1,2.0,12960.0,0.0307,96.9827,C,6480.0,3888.0,9072.0,70.0
477,Шарф взрослый горчица,249,1,6.0,12825.0,0.0304,97.0131,C,2137.5,3847.5,8977.5,70.0
478,Джемпер кружево персик,2765,1,2.0,12580.0,0.0298,97.0429,C,6290.0,3774.0,8806.0,70.0
479,Кардиган стандарт интерлок,2766,1,2.0,12440.0,0.0295,97.0724,C,6220.0,3732.0,8708.0,70.0
480,Джемпер джеки нью интерлок полынь,2611,1,2.0,12400.0,0.0294,97.1018,C,6200.0,3720.0,8680.0,70.0
481,Юбка город в горох шоколад макси,2867,1,2.0,12240.0,0.029,97.1308,C,6120.0,3672.0,8568.0,70.0
482,Рюша для рубашки в,1191,1,28.0,12182.5,0.0289,97.1596,C,435.09,3654.75,8527.75,70.0
483,Пальто стеганое женское олива,2118,1,1.0,12000.0,0.0284,97.188,C,12000.0,3600.0,8400.0,70.0
484,Шапка взрослая синий,374,1,10.0,11948.0,0.0283,97.2163,C,1194.8,3584.4,8363.6,70.0
485,Платье комбинация макси,1051,1,3.0,11920.0,0.0282,97.2446,C,3973.33,3576.0,8344.0,70.0
486,Жилет джинсовый небесно-голубой,2472,1,3.0,11880.0,0.0281,97.2727,C,3960.0,3564.0,8316.0,70.0
487,Джемпер женский софи сливочная,2567,1,2.0,11780.0,0.0279,97.3006,C,5890.0,3534.0,8246.0,70.0
488,Шопер трикотажный в полоску,2502,1,3.0,11700.0,0.0277,97.3283,C,3900.0,3510.0,8190.0,70.0
489,Юбка трикотажная софи ириска макси,2568,1,2.0,11700.0,0.0277,97.3561,C,5850.0,3510.0,8190.0,70.0
490,Джемпер джеки шерсть алый,1050,1,2.0,11680.0,0.0277,97.3837,C,5840.0,3504.0,8176.0,70.0
491,Шарф взрослый бордо,801,1,6.0,11670.0,0.0276,97.4114,C,1945.0,3501.0,8169.0,70.0
492,Джемпер детский ромашки морская волна,872,1,3.0,11640.0,0.0276,97.4389,C,3880.0,3492.0,8148.0,70.0
493,Юбка в пайетках серебро,1155,1,4.0,11620.0,0.0275,97.4665,C,2905.0,3486.0,8134.0,70.0
494,Куртка стеганая женская голубой круглый ворот,2112,1,2.0,11300.0,0.0268,97.4932,C,5650.0,3390.0,7910.0,70.0
495,Шапка взрослая манго шерсть,2164,1,6.0,11220.0,0.0266,97.5198,C,1870.0,3366.0,7854.0,70.0
496,Шапка взрослая темный беж,2120,1,7.0,11200.0,0.0265,97.5463,C,1600.0,3360.0,7840.0,70.0
497,Джемпер джеки шерсть шоколад,825,1,2.0,11160.0,0.0264,97.5728,C,5580.0,3348.0,7812.0,70.0
498,Юбка трикотажная прямая графит макси,2222,1,3.0,11020.0,0.0261,97.5989,C,3673.33,3306.0,7714.0,70.0
499,Плед трикотажный травяной,1321,1,2.0,11000.0,0.0261,97.6249,C,5500.0,3300.0,7700.0,70.0
500,Снуд алый,590,1,23.0,11000.0,0.0261,97.651,C,478.26,3300.0,7700.0,70.0
501,Почта России,1164,1,20.0,10657.8,0.0252,97.6762,C,532.89,3197.34,7460.46,70.0
502,Юбка трикотажная прямая светлый беж миди,2621,1,3.0,10450.0,0.0248,97.701,C,3483.33,3135.0,7315.0,70.0
503,Джемпер ромашки морская волна,865,1,2.0,10400.0,0.0246,97.7256,C,5200.0,3120.0,7280.0,70.0
504,Снуд байкал,1060,1,19.0,10385.0,0.0246,97.7502,C,546.58,3115.5,7269.5,70.0
505,Шапка взрослая меринос яркая фуксия,788,1,4.0,10280.0,0.0244,97.7746,C,2570.0,3084.0,7196.0,70.0
506,Лонгслив трикотажный ромашки,2846,1,3.0,10260.0,0.0243,97.7989,C,3420.0,3078.0,7182.0,70.0
507,Платье ирис из вискозы,1329,1,2.0,10260.0,0.0243,97.8232,C,5130.0,3078.0,7182.0,70.0
508,Футболка женская с декором желтая,1340,1,4.0,9990.0,0.0237,97.8469,C,2497.5,2997.0,6993.0,70.0
509,Платье интерлок макси олива,1057,1,2.0,9980.0,0.0236,97.8705,C,4990.0,2994.0,6986.0,70.0
510,Шапка взрослая травяной-пудра,588,1,7.0,9840.0,0.0233,97.8938,C,1405.71,2952.0,6888.0,70.0
511,Кардиган на пуговицах беж,61,1,3.0,9610.0,0.0228,97.9166,C,3203.33,2883.0,6727.0,70.0
512,Кардиган,"31, 37",2,4.0,9600.0,0.0227,97.9393,C,2400.0,2880.0,6720.0,70.0
513,Плед,1277,1,2.0,9600.0,0.0227,97.962,C,4800.0,2880.0,6720.0,70.0
514,Свитер кострома лосось,1120,1,3.0,9600.0,0.0227,97.9848,C,3200.0,2880.0,6720.0,70.0
515,Платье женское на запах,1198,1,3.0,9580.0,0.0227,98.0075,C,3193.33,2874.0,6706.0,70.0
516,Худи женское с капюшоном бежевый,1297,1,2.0,9540.0,0.0226,98.0301,C,4770.0,2862.0,6678.0,70.0
517,Топ на бретелях муслин,"2520, 720, 948",3,6.0,9521.0,0.0226,98.0526,C,1586.83,2856.3,6664.7,70.0
518,Футболка трикотажная косичка тауп l-xl,2524,1,3.0,9504.0,0.0225,98.0751,C,3168.0,2851.2,6652.8,70.0
519,Шарф взрослый травяной,268,1,4.0,9440.0,0.0224,98.0975,C,2360.0,2832.0,6608.0,70.0
520,Шапка мужская бини джинс,1018,1,10.0,9205.0,0.0218,98.1193,C,920.5,2761.5,6443.5,70.0
521,Топ с горлом в рубчик лайм,1206,1,4.0,9200.0,0.0218,98.1411,C,2300.0,2760.0,6440.0,70.0
522,жилет двусторонний стеганый,2380,1,2.0,9180.0,0.0217,98.1628,C,4590.0,2754.0,6426.0,70.0
523,Джемпер ромашки зелено-белые,880,1,2.0,9000.0,0.0213,98.1842,C,4500.0,2700.0,6300.0,70.0
524,Снуд брусника,803,1,19.0,8999.0,0.0213,98.2055,C,473.63,2699.7,6299.3,70.0
525,Брюки трикотаж голубой,519,1,3.0,8980.0,0.0213,98.2268,C,2993.33,2694.0,6286.0,70.0
526,Палантин в полоску,"2589, 2591",2,2.0,8970.0,0.0212,98.248,C,4485.0,2691.0,6279.0,70.0
527,Свитер базовый с горлом шерсть голубой,2131,1,2.0,8700.0,0.0206,98.2686,C,4350.0,2610.0,6090.0,70.0
528,Шарф взрослый синий,263,1,4.0,8600.0,0.0204,98.289,C,2150.0,2580.0,6020.0,70.0
529,Свеча в стеклянной баночке в ассортименте,2255,1,11.0,8540.0,0.0202,98.3092,C,776.36,2562.0,5978.0,70.0
530,Юбка трикотажная мини а-силуэта,"2854, 2892",2,3.0,8416.0,0.0199,98.3291,C,2805.33,2524.8,5891.2,70.0
531,Юбка джинсовая мини зебра,2306,1,2.0,8400.0,0.0199,98.349,C,4200.0,2520.0,5880.0,70.0
532,Брюки слив заказные 54,2405,1,1.0,8300.0,0.0197,98.3687,C,8300.0,2490.0,5810.0,70.0
533,Шарф взрослый манго,248,1,4.0,8212.0,0.0195,98.3882,C,2053.0,2463.6,5748.4,70.0
534,Платье женское на запах сирень,1196,1,2.0,8060.0,0.0191,98.4072,C,4030.0,2418.0,5642.0,70.0
535,Тельняшка тонкая лайм-лаванда,853,1,4.0,8025.0,0.019,98.4263,C,2006.25,2407.5,5617.5,70.0
536,Брюки хлопок широкие в полоску,969,1,3.0,7820.0,0.0185,98.4448,C,2606.67,2346.0,5474.0,70.0
537,Куртка стеганая женская графит круглый ворот,2130,1,1.0,7800.0,0.0185,98.4633,C,7800.0,2340.0,5460.0,70.0
538,Шарф взрослый сирень,251,1,4.0,7800.0,0.0185,98.4817,C,1950.0,2340.0,5460.0,70.0
539,Тельняшка тонкая оранжевый,643,1,5.0,7700.0,0.0182,98.5,C,1540.0,2310.0,5390.0,70.0
540,Юбка джинсовая мини,2385,1,2.0,7686.0,0.0182,98.5182,C,3843.0,2305.8,5380.2,70.0
541,Юбка трикотажная прямая серо-голубой макси,2882,1,2.0,7600.0,0.018,98.5362,C,3800.0,2280.0,5320.0,70.0
542,Юбка лапша бургунди миди,2700,1,2.0,7410.0,0.0176,98.5537,C,3705.0,2223.0,5187.0,70.0
543,Юбка фланель мини в клетку шоко с,2660,2,2.0,7410.0,0.0176,98.5713,C,3705.0,2223.0,5187.0,70.0
544,Сарафан на завязках мини тенсел горох синий,2529,1,1.0,7400.0,0.0175,98.5888,C,7400.0,2220.0,5180.0,70.0
545,Джемпер мужской грибочки нью,2754,1,1.0,7380.0,0.0175,98.6063,C,7380.0,2214.0,5166.0,70.0
546,Шорты вискоза синий,2483,1,4.0,7220.0,0.0171,98.6234,C,1805.0,2166.0,5054.0,70.0
547,Юбка трикотаж а-силуэта,"2459, 2617",2,2.0,7220.0,0.0171,98.6405,C,3610.0,2166.0,5054.0,70.0
548,Юбка трикотажная прямая серо-лавандовый макси,2740,1,2.0,7220.0,0.0171,98.6576,C,3610.0,2166.0,5054.0,70.0
549,Джемпер вспышка,2730,1,1.0,7200.0,0.0171,98.6747,C,7200.0,2160.0,5040.0,70.0
550,Платье интерлок миди олива,2363,1,1.0,7200.0,0.0171,98.6917,C,7200.0,2160.0,5040.0,70.0
551,Платье одри макси тауп ворот стойка,2650,1,1.0,7200.0,0.0171,98.7088,C,7200.0,2160.0,5040.0,70.0
552,Юбка трикотажная прямая шоколад макси,2155,1,2.0,7030.0,0.0167,98.7254,C,3515.0,2109.0,4921.0,70.0
553,Кардиган средней длины манго,33,1,3.0,7000.0,0.0166,98.742,C,2333.33,2100.0,4900.0,70.0
554,Юбка в пайетках,1156,1,3.0,7000.0,0.0166,98.7586,C,2333.33,2100.0,4900.0,70.0
555,Топ на бретелях атлас леопард,2291,1,5.0,6960.0,0.0165,98.7751,C,1392.0,2088.0,4872.0,70.0
556,Шопер трикотажный в полоску полимаркет,2500,1,2.0,6910.0,0.0164,98.7914,C,3455.0,2073.0,4837.0,70.0
557,Плед трикотажный полимаркет в полоску,2501,1,1.0,6900.0,0.0163,98.8078,C,6900.0,2070.0,4830.0,70.0
558,Снуд капучино,1036,1,13.0,6875.0,0.0163,98.8241,C,528.85,2062.5,4812.5,70.0
559,Джемпер джеки нью интерлок шерсть зеленое яблоко,2732,1,1.0,6840.0,0.0162,98.8403,C,6840.0,2052.0,4788.0,70.0
560,Джемпер кувшинки джинс-молочный,2815,1,1.0,6840.0,0.0162,98.8565,C,6840.0,2052.0,4788.0,70.0
561,Жилет ромашки серо-лавандовый,896,1,2.0,6800.0,0.0161,98.8726,C,3400.0,2040.0,4760.0,70.0
562,Топ на широких бретелях пайетки,2214,1,4.0,6606.0,0.0156,98.8882,C,1651.5,1981.8,4624.2,70.0
563,Снуд шерсть олива,2114,1,9.0,6560.0,0.0155,98.9038,C,728.89,1968.0,4592.0,70.0
564,Плед трикотажный бантики,2738,1,1.0,6555.0,0.0155,98.9193,C,6555.0,1966.5,4588.5,70.0
565,Палантин трикотажный листочки орех-молочный,1105,1,2.0,6520.0,0.0154,98.9347,C,3260.0,1956.0,4564.0,70.0
566,Платье на запах муслин,701,1,2.0,6500.0,0.0154,98.9501,C,3250.0,1950.0,4550.0,70.0
567,Пальто женское укороченное,1235,1,1.0,6491.3,0.0154,98.9655,C,6491.3,1947.39,4543.91,70.0
568,Юбка город в горох ваниль макси,2866,1,1.0,6480.0,0.0153,98.9809,C,6480.0,1944.0,4536.0,70.0
569,Свитер кострома v-вырез джинс,1084,1,2.0,6430.0,0.0152,98.9961,C,3215.0,1929.0,4501.0,70.0
570,Свитер кострома v-вырез бежевый,609,1,2.0,6420.0,0.0152,99.0113,C,3210.0,1926.0,4494.0,70.0
571,Комбинация вискоза,2504,1,5.0,6400.0,0.0152,99.0265,C,1280.0,1920.0,4480.0,70.0
572,Костюм женский жасмин,2713,1,1.0,6324.0,0.015,99.0414,C,6324.0,1897.2,4426.8,70.0
573,Тельняшка тонкая синий,644,1,3.0,6270.0,0.0149,99.0563,C,2090.0,1881.0,4389.0,70.0
574,Футболка женская оверсайз олива,1141,1,4.0,6226.0,0.0147,99.071,C,1556.5,1867.8,4358.2,70.0
575,Джемпер джаред оверсайз розовый,976,1,1.0,6200.0,0.0147,99.0857,C,6200.0,1860.0,4340.0,70.0
576,Свитер с горлом олива,856,1,3.0,6200.0,0.0147,99.1004,C,2066.67,1860.0,4340.0,70.0
577,Брюки трикотажные ажур бриз,2476,1,1.0,6150.0,0.0146,99.115,C,6150.0,1845.0,4305.0,70.0
578,Шапка мужская бини синий,1020,1,7.0,6150.0,0.0146,99.1296,C,878.57,1845.0,4305.0,70.0
579,Костюм кострома,757,1,1.0,6120.0,0.0145,99.1441,C,6120.0,1836.0,4284.0,70.0
580,Платье интерлок шерсть миди горький шоколад,2267,1,1.0,6120.0,0.0145,99.1586,C,6120.0,1836.0,4284.0,70.0
581,Топ с горлом в рубчик шоко,2057,1,4.0,6000.0,0.0142,99.1728,C,1500.0,1800.0,4200.0,70.0
582,Рубашка мужская oversize фланель орех,1066,1,1.0,5900.0,0.014,99.1867,C,5900.0,1770.0,4130.0,70.0
583,Джемпер лютики жемчужный с розовым,2360,1,1.0,5890.0,0.014,99.2007,C,5890.0,1767.0,4123.0,70.0
584,Шапка детская джинс,333,1,6.0,5851.0,0.0139,99.2146,C,975.17,1755.3,4095.7,70.0
585,Брюки палаццо в пайетках,1094,1,2.0,5800.0,0.0137,99.2283,C,2900.0,1740.0,4060.0,70.0
586,Платье туника с разрезом макси горький,2798,1,1.0,5760.0,0.0136,99.2419,C,5760.0,1728.0,4032.0,70.0
587,Брюки трикотажные ажур волна,2477,1,1.0,5740.0,0.0136,99.2555,C,5740.0,1722.0,4018.0,70.0
588,Рубашка хлопок в полоску,966,1,2.0,5688.0,0.0135,99.269,C,2844.0,1706.4,3981.6,70.0
589,Топ на бретелях вискоза бежевый в цветок,2289,1,4.0,5640.0,0.0134,99.2824,C,1410.0,1692.0,3948.0,70.0
590,Юбка трикотаж,1162,1,2.0,5510.0,0.0131,99.2954,C,2755.0,1653.0,3857.0,70.0
591,Джемпер коралл,2265,1,1.0,5400.0,0.0128,99.3082,C,5400.0,1620.0,3780.0,70.0
592,Юбка трикотажная ажур бриз синий,2420,1,1.0,5400.0,0.0128,99.321,C,5400.0,1620.0,3780.0,70.0
593,Рубашка лен,706,1,1.0,5394.0,0.0128,99.3338,C,5394.0,1618.2,3775.8,70.0
594,Джемпер джеки шерсть интерлок,2274,1,1.0,5238.0,0.0124,99.3462,C,5238.0,1571.4,3666.6,70.0
595,Джемпер клубнички женский желтый,1230,1,1.0,5200.0,0.0123,99.3585,C,5200.0,1560.0,3640.0,70.0
596,Снуд горчица,312,1,11.0,5150.0,0.0122,99.3707,C,468.18,1545.0,3605.0,70.0
597,Шапка взрослая меринос,794,1,2.0,5040.0,0.0119,99.3826,C,2520.0,1512.0,3528.0,70.0
598,Плед жаккардовый клечатый,1279,1,1.0,4800.0,0.0114,99.394,C,4800.0,1440.0,3360.0,70.0
599,Плед трикотажный,1278,1,1.0,4800.0,0.0114,99.4054,C,4800.0,1440.0,3360.0,70.0
600,Косынка трикотажная,2434,1,2.0,4560.0,0.0108,99.4162,C,2280.0,1368.0,3192.0,70.0
601,Шапка взрослая беж классик,379,1,4.0,4560.0,0.0108,99.427,C,1140.0,1368.0,3192.0,70.0
602,Платье интерлок серо-голубой макси,827,1,1.0,4556.0,0.0108,99.4378,C,4556.0,1366.8,3189.2,70.0
603,Платье интерлок хаки макси,407,1,1.0,4488.0,0.0106,99.4484,C,4488.0,1346.4,3141.6,70.0
604,Шапка взрослая меринос голубая,785,1,2.0,4400.0,0.0104,99.4588,C,2200.0,1320.0,3080.0,70.0
605,Шапка взрослая эмеральд шерсть,2165,1,2.0,4400.0,0.0104,99.4693,C,2200.0,1320.0,3080.0,70.0
606,Рубашка джинсовая женская тауп,1233,1,1.0,4370.0,0.0104,99.4796,C,4370.0,1311.0,3059.0,70.0
607,Джемпер тонкий wind vikki желтый,972,1,3.0,4350.0,0.0103,99.4899,C,1450.0,1305.0,3045.0,70.0
608,Джемпер алиса шерсть кофе,2675,1,1.0,4340.0,0.0103,99.5002,C,4340.0,1302.0,3038.0,70.0
609,Палантин трикотажный бантики,2771,1,1.0,4278.0,0.0101,99.5103,C,4278.0,1283.4,2994.6,70.0
610,Брюки трикотаж олива,529,1,1.0,4200.0,0.0099,99.5203,C,4200.0,1260.0,2940.0,70.0
611,Брюки трикотаж светлый,165,1,1.0,4200.0,0.0099,99.5302,C,4200.0,1260.0,2940.0,70.0
612,Джемпер робот детский,2103,1,1.0,4200.0,0.0099,99.5402,C,4200.0,1260.0,2940.0,70.0
613,Свитер Кострома V-вырез голубой,587,1,1.0,4200.0,0.0099,99.5501,C,4200.0,1260.0,2940.0,70.0
614,Панама искуствен,823,1,2.0,4180.0,0.0099,99.56,C,2090.0,1254.0,2926.0,70.0
615,Юбка трикотажная прямая шерсть горячий шоколад миди,2750,1,1.0,4176.0,0.0099,99.5699,C,4176.0,1252.8,2923.2,70.0
616,Шорты лен,198,1,1.0,4140.0,0.0098,99.5797,C,4140.0,1242.0,2898.0,70.0
617,Шорты трикотажные,2066,1,2.0,4080.0,0.0097,99.5894,C,2040.0,1224.0,2856.0,70.0
618,Анорак мужской флисовый,2897,1,1.0,4050.0,0.0096,99.599,C,4050.0,1215.0,2835.0,70.0
619,Брюки мужские флисовые,2898,1,1.0,4050.0,0.0096,99.6086,C,4050.0,1215.0,2835.0,70.0
620,Лонгслив женский в ассортименте,2466,1,4.0,4000.0,0.0095,99.618,C,1000.0,1200.0,2800.0,70.0
621,Шапка взрослая сливочная,2661,1,4.0,3880.0,0.0092,99.6272,C,970.0,1164.0,2716.0,70.0
622,Шорты муслин,2519,1,1.0,3800.0,0.009,99.6362,C,3800.0,1140.0,2660.0,70.0
623,Юбка трикотажная прямая джинс миди,2803,1,1.0,3800.0,0.009,99.6452,C,3800.0,1140.0,2660.0,70.0
624,Юбка трикотажная прямая молочный миди,2630,1,1.0,3800.0,0.009,99.6542,C,3800.0,1140.0,2660.0,70.0
625,Снуд травяной,615,1,10.0,3715.0,0.0088,99.663,C,371.5,1114.5,2600.5,70.0
626,Брюки вискоза,945,1,2.0,3710.0,0.0088,99.6718,C,1855.0,1113.0,2597.0,70.0
627,Кардиган средней длины,499,1,1.0,3700.0,0.0088,99.6806,C,3700.0,1110.0,2590.0,70.0
628,Кардиган средней длины олива,569,1,1.0,3700.0,0.0088,99.6894,C,3700.0,1110.0,2590.0,70.0
629,Шапка детская розовый,337,1,4.0,3672.0,0.0087,99.6981,C,918.0,1101.6,2570.4,70.0
630,Юбка трикотажная прямая олива миди,2919,1,1.0,3420.0,0.0081,99.7062,C,3420.0,1026.0,2394.0,70.0
631,Юбка трикотажная прямая сливочно-желтый макси,2619,1,1.0,3420.0,0.0081,99.7143,C,3420.0,1026.0,2394.0,70.0
632,Жилет ромашки желтый,944,1,1.0,3400.0,0.0081,99.7223,C,3400.0,1020.0,2380.0,70.0
633,Юбка вискоза макси в цветок,925,1,1.0,3400.0,0.0081,99.7304,C,3400.0,1020.0,2380.0,70.0
634,Юбка миди атласная фуксия,973,1,1.0,3400.0,0.0081,99.7384,C,3400.0,1020.0,2380.0,70.0
635,Юбка трикотажная прямая шерсть горячий шоколад макси,2749,1,1.0,3360.0,0.008,99.7464,C,3360.0,1008.0,2352.0,70.0
636,Юбка трикотажная прямая шерсть макси кофе,2697,1,1.0,3360.0,0.008,99.7543,C,3360.0,1008.0,2352.0,70.0
637,Юбка трикотажная прямая шерсть миди кофе,2696,1,1.0,3360.0,0.008,99.7623,C,3360.0,1008.0,2352.0,70.0
638,Юбка трикотажная прямая шерсть миди хаки,2706,1,1.0,3360.0,0.008,99.7703,C,3360.0,1008.0,2352.0,70.0
639,Футболка из тенсела голубой,2858,1,1.0,3240.0,0.0077,99.7779,C,3240.0,972.0,2268.0,70.0
640,Джемпер лайт шерсть хвоя,49,1,1.0,3200.0,0.0076,99.7855,C,3200.0,960.0,2240.0,70.0
641,Джинсы трубы,817,1,1.0,3100.0,0.0073,99.7929,C,3100.0,930.0,2170.0,70.0
642,Брюки вискоза фиолетовый,964,1,1.0,3060.0,0.0072,99.8001,C,3060.0,918.0,2142.0,70.0
643,Юбка лапша бургунди макси,2699,1,1.0,3040.0,0.0072,99.8073,C,3040.0,912.0,2128.0,70.0
644,Подарочный сертификат 3000,1113,1,1.0,3000.0,0.0071,99.8144,C,3000.0,900.0,2100.0,70.0
645,Платье на запах муслин длинный рукав черный в горошек,787,1,1.0,2914.0,0.0069,99.8213,C,2914.0,874.2,2039.8,70.0
646,Свитер с горлом электрик,54,1,1.0,2900.0,0.0069,99.8282,C,2900.0,870.0,2030.0,70.0
647,Юбка вискоза миди фиолетовая,922,1,1.0,2900.0,0.0069,99.8351,C,2900.0,870.0,2030.0,70.0
648,Жилет ромашки оранжево-розовый,897,1,1.0,2890.0,0.0068,99.8419,C,2890.0,867.0,2023.0,70.0
649,Топ на бретелях муслин олива,719,1,2.0,2880.0,0.0068,99.8487,C,1440.0,864.0,2016.0,70.0
650,Топ на одно плечо в рубчик фуксия,1269,1,2.0,2840.5,0.0067,99.8554,C,1420.25,852.15,1988.35,70.0
651,Шапка взрослая светло-серый с голубым,1146,1,2.0,2800.0,0.0066,99.8621,C,1400.0,840.0,1960.0,70.0
652,Юбка трикотажная прямая светлый беж макси,2600,1,1.0,2800.0,0.0066,99.8687,C,2800.0,840.0,1960.0,70.0
653,Джемпер в рубчик укороченный байкал,1262,1,1.0,2697.0,0.0064,99.8751,C,2697.0,809.1,1887.9,70.0
654,Шапка детская лайм,342,1,3.0,2693.5,0.0064,99.8815,C,897.83,808.05,1885.45,70.0
655,Шорты вискоза миди голубые с принтом жираф,2540,1,1.0,2600.0,0.0062,99.8876,C,2600.0,780.0,1820.0,70.0
656,Юбка плиссе трикотажная в ассортименте,2322,1,1.0,2500.0,0.0059,99.8936,C,2500.0,750.0,1750.0,70.0
657,Топ в рубчик v-вырез вискоза лайм,1207,1,2.0,2430.0,0.0058,99.8993,C,1215.0,729.0,1701.0,70.0
658,Снуд лайм,491,1,5.0,2425.0,0.0057,99.9051,C,485.0,727.5,1697.5,70.0
659,Кроп топ апельсин,836,1,1.0,2400.0,0.0057,99.9107,C,2400.0,720.0,1680.0,70.0
660,Рубашка шерсть клетка,623,1,1.0,2400.0,0.0057,99.9164,C,2400.0,720.0,1680.0,70.0
661,Свитер с горлом розовый,458,1,1.0,2400.0,0.0057,99.9221,C,2400.0,720.0,1680.0,70.0
662,Шарф детский,636,1,1.0,2400.0,0.0057,99.9278,C,2400.0,720.0,1680.0,70.0
663,Снуд шерсть горький шоколад,2292,1,3.0,2360.0,0.0056,99.9334,C,786.67,708.0,1652.0,70.0
664,Шапка взрослая два подворота олива,282,1,2.0,2300.0,0.0054,99.9388,C,1150.0,690.0,1610.0,70.0
665,Кардиган средней длиный графит,62,1,1.0,2200.0,0.0052,99.9441,C,2200.0,660.0,1540.0,70.0
666,Майка трикотажная v-вырез байкал,2376,1,1.0,2200.0,0.0052,99.9493,C,2200.0,660.0,1540.0,70.0
667,Кроп топ беж,104,1,1.0,2160.0,0.0051,99.9544,C,2160.0,648.0,1512.0,70.0
668,Снуд ежевика,1089,1,4.0,1950.0,0.0046,99.959,C,487.5,585.0,1365.0,70.0
669,Топ на одно плечо в рубчик черный длинный рукав,1271,1,1.0,1690.0,0.004,99.963,C,1690.0,507.0,1183.0,70.0
670,Топ на одно плечо в рубчик,1270,1,1.0,1495.0,0.0035,99.9665,C,1495.0,448.5,1046.5,70.0
671,Топ на бретелях атлас фуксия,2022,1,1.0,1430.0,0.0034,99.9699,C,1430.0,429.0,1001.0,70.0
672,Топ шерсть v-вырез,373,1,1.0,1290.0,0.0031,99.973,C,1290.0,387.0,903.0,70.0
673,Шапка Взрослая киви,377,1,1.0,1200.0,0.0028,99.9758,C,1200.0,360.0,840.0,70.0
674,Шапка детская шерсть,811,1,1.0,1200.0,0.0028,99.9787,C,1200.0,360.0,840.0,70.0
675,Топ муслин белый с веточками,951,1,1.0,1190.0,0.0028,99.9815,C,1190.0,357.0,833.0,70.0
676,Кардиган зебра жаккард оверсайз шерсть,2664,1,1.0,1023.4,0.0024,99.9839,C,1023.4,307.02,716.38,70.0
677,Шапка взрослая морская волна-розовый,589,1,1.0,1000.0,0.0024,99.9863,C,1000.0,300.0,700.0,70.0
678,Шапка детская морская волна-розовый,585,1,1.0,990.0,0.0023,99.9886,C,990.0,297.0,693.0,70.0
679,Шапка детская олива,331,1,1.0,990.0,0.0023,99.991,C,990.0,297.0,693.0,70.0
680,Шапка детская синий электрик,764,1,1.0,990.0,0.0023,99.9933,C,990.0,297.0,693.0,70.0
681,Снуд олива,308,1,2.0,980.0,0.0023,99.9956,C,490.0,294.0,686.0,70.0
682,Шапка детская серо-голубой с белым,369,1,1.0,940.5,0.0022,99.9979,C,940.5,282.15,658.35,70.0
683,Шапка бини детская,2056,1,1.0,900.0,0.0021,100.0,C,900.0,270.0,630.0,70.0
