model_name,category,product_styles_count,combined_skus,colors_count,dominant_color,dominant_color_revenue_share_pct,qty_sold_24m,revenue_24m,revenue_share_pct,avg_realized_price_24m,estimated_cogs_24m,gross_profit_24m,margin_pct,qty_sold_12m,revenue_12m,active_months_24m,monthly_cv_pct,xyz_class,abc_class,abc_xyz_class,current_stock_qty,stock_cover_days_est_12m,stock_status,portfolio_role,recommended_action,action_note,current_sale_price_avg,cumulative_revenue_share_pct
Джемпер чешуйки оверсайз,knitwear,10,"1042, 1152, 1154, 1177, 1227, 1290, 2078, 2144, 2260, 2261",10,серо-розовый,30.91,89.0,576574.0,1.3658,6478.36,172972.2,403601.8,70.0,15.0,85324.0,18,103.35,X,A,AX,0.0,,stockout,repeat_core,replenish_and_scale,Повторяемое ядро бизнеса: держать в наличии и защищать от out-of-stock.,,6.6127
Рубашка джинсовая женская,tops_blouses,4,"1188, 1228, 1229, 2438",4,хаки в пятнышко,61.33,100.0,518723.9,1.2287,5187.24,155617.17,363106.73,70.0,4.0,21870.0,14,165.27,Y,A,AY,-1.0,,stockout,fashion_core,keep_winner_colors,"Сильная модель с умеренной волатильностью: растить через winner-colors, а не через все варианты.",6200.0,10.525
Бомбер женский,outerwear,5,"2067, 2071, 2073, 2084, 2123",5,серый,47.03,40.0,491816.0,1.165,12295.4,147544.8,344271.2,70.0,13.0,134200.0,9,201.74,Y,A,AY,-1.0,,stockout,fashion_core,keep_winner_colors,"Сильная модель с умеренной волатильностью: растить через winner-colors, а не через все варианты.",14800.0,11.69
Свитер кострома,knitwear,13,"1091, 1107, 1122, 1124, 2139, 2160, 2284, 525, 526, 527, 531, 543, 777",13,бургунди,20.81,129.0,462492.41,1.0955,3585.21,138747.72,323744.69,70.0,44.0,165506.41,19,109.82,X,A,AX,9.0,74.7,balanced,repeat_core,protect_and_repeat,Повторяемое ядро бизнеса: держать в наличии и защищать от out-of-stock.,4200.0,12.7856
Тренч женский,outerwear,5,"1022, 866, 891, 917, 992",5,лайм,37.29,44.0,432514.0,1.0245,9829.86,129754.2,302759.8,70.0,9.0,102820.0,11,164.4,Y,A,AY,0.0,,stockout,fashion_core,keep_winner_colors,"Сильная модель с умеренной волатильностью: растить через winner-colors, а не через все варианты.",11066.67,15.9258
Палантин трикотажный листочки,accessories,11,"1104, 1157, 1158, 2092, 2146, 2250, 2253, 2254, 2348, 2351, 2352",11,маренго-бежевый,21.23,126.0,426183.99,1.0095,3382.41,127855.2,298328.79,70.0,38.0,155154.0,21,129.15,X,A,AX,4.0,38.4,balanced,repeat_core,protect_and_repeat,Повторяемое ядро бизнеса: держать в наличии и защищать от out-of-stock.,4600.0,17.956
Джемпер сердечки,knitwear,5,"1132, 1153, 1159, 1160, 2298",5,розовый с красным,36.4,72.0,415268.0,0.9837,5767.61,124580.4,290687.6,70.0,11.0,62170.0,18,93.09,X,A,AX,0.0,,stockout,repeat_core,replenish_and_scale,Повторяемое ядро бизнеса: держать в наличии и защищать от out-of-stock.,5566.0,19.9241
Джемпер грибочки мужской,knitwear,7,"1148, 1165, 1234, 2089, 2090, 2563, 2565",7,маренго-желтый,34.34,61.0,402266.0,0.9529,6594.52,120679.8,281586.2,70.0,14.0,81980.0,17,117.6,X,A,AX,1.0,26.1,understock,repeat_core,replenish_and_scale,Повторяемое ядро бизнеса: держать в наличии и защищать от out-of-stock.,7200.0,20.8769
Джинсы-бананы,pants,5,"2282, 2305, 2328, 2539, 753",5,графит,33.78,61.0,364242.6,0.8628,5971.19,109272.78,254969.82,70.0,53.0,319040.0,14,134.86,X,A,AX,4.0,27.5,understock,repeat_core,replenish_and_scale,Повторяемое ядро бизнеса: держать в наличии и защищать от out-of-stock.,6400.0,22.678
Рубашка из тенсела женская,tops_blouses,1,1212,1,розовый,100.0,65.0,310482.0,0.7355,4776.65,93144.6,217337.4,70.0,3.0,16240.0,12,164.6,Y,A,AY,0.0,,stockout,fashion_core,keep_winner_colors,"Сильная модель с умеренной волатильностью: растить через winner-colors, а не через все варианты.",5800.0,23.4134
Брюки классика вискоза,pants,3,"2331, 2333, 2357",3,сливочно-желтый,38.46,54.0,297988.0,0.7059,5518.3,89396.4,208591.6,70.0,53.0,292188.0,12,148.66,X,A,AX,12.0,82.6,balanced,repeat_core,protect_and_repeat,Повторяемое ядро бизнеса: держать в наличии и защищать от out-of-stock.,5800.0,24.1193
Кардиган чешуйки жаккард,knitwear,5,"2053, 2076, 2077, 2106, 2189",5,черно-бежевый,42.22,47.0,289640.0,0.6861,6162.55,86892.0,202748.0,70.0,11.0,59340.0,11,137.08,X,A,AX,0.0,,stockout,repeat_core,replenish_and_scale,Повторяемое ядро бизнеса: держать в наличии и защищать от out-of-stock.,,24.8054
Пальто женское оверсайз,outerwear,5,"1098, 1099, 2110, 2113, 2119",5,желто-коричневый,40.57,20.0,288832.0,0.6842,14441.6,86649.6,202182.4,70.0,1.0,12900.0,7,174.8,Y,A,AY,0.0,,stockout,fashion_core,keep_winner_colors,"Сильная модель с умеренной волатильностью: растить через winner-colors, а не через все варианты.",,25.4896
Джемпер чешуйки двусторонний,knitwear,3,"911, 912, 940",3,розово-лимонный,55.34,51.0,281731.5,0.6674,5524.15,84519.45,197212.05,70.0,8.0,34412.0,17,125.94,X,A,AX,0.0,,stockout,repeat_core,replenish_and_scale,Повторяемое ядро бизнеса: держать в наличии и защищать от out-of-stock.,4340.0,26.1569
Джемпер джаред оверсайз,knitwear,6,"1172, 1222, 1298, 949, 950, 975",6,персиковый,30.49,50.0,266742.0,0.6319,5334.84,80022.6,186719.4,70.0,6.0,25200.0,12,128.88,X,A,AX,0.0,,stockout,repeat_core,replenish_and_scale,Повторяемое ядро бизнеса: держать в наличии и защищать от out-of-stock.,,28.775
Пальто шерстяное двубортное с поясом,outerwear,2,"2134, 2606",2,серый,69.28,14.0,259175.0,0.6139,18512.5,77752.5,181422.5,70.0,10.0,177050.0,9,147.77,X,A,AX,0.0,,stockout,repeat_core,replenish_and_scale,Повторяемое ядро бизнеса: держать в наличии и защищать от out-of-stock.,15750.0,29.389
Брюки палаццо вискоза,pants,8,"1242, 1243, 689, 691, 714, 749, 756, 818",8,черный,33.31,60.0,242164.36,0.5736,4036.07,72649.31,169515.05,70.0,8.0,22310.0,14,138.49,X,A,AX,-1.0,,stockout,repeat_core,replenish_and_scale,Повторяемое ядро бизнеса: держать в наличии и защищать от out-of-stock.,2600.0,29.9626
Юбка трикотажная в рубчик макси,skirts,9,"1303, 1305, 1308, 1309, 1311, 1314, 1319, 2059, 2546",9,шоколадный,23.3,79.0,231753.0,0.549,2933.58,69525.9,162227.1,70.0,35.0,86668.0,16,113.49,X,A,AX,8.0,83.4,balanced,repeat_core,protect_and_repeat,Повторяемое ядро бизнеса: держать в наличии и защищать от out-of-stock.,1500.0,32.1971
Бомбер женский изумрудный в клетку,outerwear,1,2070,1,изумрудный,100.0,17.0,226055.0,0.5355,13297.35,67816.5,158238.5,70.0,2.0,17635.0,7,232.26,Y,A,AY,-2.0,,stockout,fashion_core,keep_winner_colors,"Сильная модель с умеренной волатильностью: растить через winner-colors, а не через все варианты.",14800.0,33.2747
Пальто шерсятное двубортное с поясом,outerwear,1,2173,1,тауп,100.0,11.0,223125.0,0.5285,20284.09,66937.5,156187.5,70.0,9.0,180825.0,6,235.49,Y,A,AY,0.0,,stockout,fashion_core,keep_winner_colors,"Сильная модель с умеренной волатильностью: растить через winner-colors, а не через все варианты.",15750.0,33.8032
Жакет прямого кроя с карманами сливочно-желтый,jackets_blazers,1,2308,1,светло-желтый,100.0,25.0,219180.0,0.5192,8767.2,65754.0,153426.0,70.0,23.0,201480.0,10,153.0,Y,A,AY,-1.0,,stockout,fashion_core,keep_winner_colors,"Сильная модель с умеренной волатильностью: растить через winner-colors, а не через все варианты.",9200.0,34.3224
Джемпер ромашки,knitwear,5,"1119, 860, 861, 874, 926",5,жемчужно-лимонный,43.26,42.0,217220.0,0.5145,5171.9,65166.0,152054.0,70.0,0.0,0.0,8,218.88,Y,A,AY,0.0,,no_signal,fashion_core,keep_winner_colors,"Сильная модель с умеренной волатильностью: растить через winner-colors, а не через все варианты.",,35.8703
Пальто-жакет женский,outerwear,3,"2595, 2596, 2598",3,гусиная лапка хаки,74.23,16.0,214188.0,0.5074,13386.75,64256.4,149931.6,70.0,16.0,214188.0,6,206.16,Y,A,AY,2.0,45.6,balanced,fashion_core,keep_winner_colors,"Сильная модель с умеренной волатильностью: растить через winner-colors, а не через все варианты.",14800.0,36.3777
Худи женское с капюшоном,tops_blouses,5,"1178, 1179, 1180, 1184, 1291",5,коралловый,30.12,47.0,210680.0,0.4991,4482.55,63204.0,147476.0,70.0,7.0,26680.0,16,152.64,Y,A,AY,0.0,,stockout,fashion_core,keep_winner_colors,"Сильная модель с умеренной волатильностью: растить через winner-colors, а не через все варианты.",3704.0,36.8767
Джемпер незабудки женский шоколад с голубым,knitwear,1,1210,1,шоколадный,100.0,39.0,209540.0,0.4964,5372.82,62862.0,146678.0,70.0,14.0,71230.0,16,103.3,X,A,AX,3.0,78.2,balanced,repeat_core,protect_and_repeat,Повторяемое ядро бизнеса: держать в наличии и защищать от out-of-stock.,6600.0,37.3731
Брюки палаццо искусственный шелк,pants,3,"2206, 2207, 2208",3,шоколадный,49.63,47.0,208490.0,0.4939,4435.96,62547.0,145943.0,70.0,30.0,123440.0,11,165.78,Y,A,AY,7.0,85.2,balanced,fashion_core,keep_winner_colors,"Сильная модель с умеренной волатильностью: растить через winner-colors, а не через все варианты.",2500.0,37.867
Рубашка хлопок,tops_blouses,8,"2287, 2299, 2314, 2315, 2386, 666, 672, 839",8,белый,29.31,48.0,198688.0,0.4706,4139.33,59606.4,139081.6,70.0,36.0,151700.0,17,113.69,X,A,AX,6.0,60.8,balanced,repeat_core,protect_and_repeat,Повторяемое ядро бизнеса: держать в наличии и защищать от out-of-stock.,3500.0,39.2964
Тренч женский олива,outerwear,1,916,1,оливковый,100.0,18.0,194480.0,0.4607,10804.44,58344.0,136136.0,70.0,9.0,102070.0,7,170.83,Y,A,AY,0.0,,stockout,fashion_core,keep_winner_colors,"Сильная модель с умеренной волатильностью: растить через winner-colors, а не через все варианты.",11800.0,39.7571
Парка английская олива с принтом зебра,outerwear,1,2283,1,оливковый,100.0,18.0,193200.0,0.4576,10733.33,57960.0,135240.0,70.0,16.0,171920.0,6,215.17,Y,A,AY,0.0,,stockout,fashion_core,keep_winner_colors,"Сильная модель с умеренной волатильностью: растить через winner-colors, а не через все варианты.",11200.0,40.2148
Джемпер женский софи,knitwear,4,"2566, 2570, 2571, 2572",4,лимонный,40.14,32.0,185916.0,0.4404,5809.88,55774.8,130141.2,70.0,32.0,185916.0,6,198.04,Y,A,AY,9.0,102.7,balanced,fashion_core,keep_winner_colors,"Сильная модель с умеренной волатильностью: растить через winner-colors, а не через все варианты.",6200.0,40.6552
Свитер базовый шерсть,knitwear,4,"1015, 1072, 1073, 2020",4,липовый,49.62,50.0,185378.0,0.4391,3707.56,55613.4,129764.6,70.0,35.0,111684.0,16,151.94,Y,A,AY,6.0,62.6,balanced,fashion_core,keep_winner_colors,"Сильная модель с умеренной волатильностью: растить через winner-colors, а не через все варианты.",2500.0,41.0943
Кардиган leo жаккард,knitwear,4,"678, 679, 693, 772",4,лаванда-мята,43.42,34.0,184982.0,0.4382,5440.65,55494.6,129487.4,70.0,3.0,13800.0,13,147.37,X,A,AX,0.0,,stockout,repeat_core,replenish_and_scale,Повторяемое ядро бизнеса: держать в наличии и защищать от out-of-stock.,,41.5325
Куртка стеганая женская олива,outerwear,1,1171,1,пыльная олива,100.0,24.0,170255.0,0.4033,7093.96,51076.5,119178.5,70.0,1.0,8200.0,8,202.96,Y,A,AY,0.0,,stockout,fashion_core,keep_winner_colors,"Сильная модель с умеренной волатильностью: растить через winner-colors, а не через все варианты.",,44.8673
Бомбер женский серый с трикотажными резинками,outerwear,1,2573,1,серый,100.0,13.0,167820.0,0.3975,12909.23,50346.0,117474.0,70.0,13.0,167820.0,5,238.21,Y,A,AY,0.0,,stockout,fashion_core,keep_winner_colors,"Сильная модель с умеренной волатильностью: растить через winner-colors, а не через все варианты.",10360.0,45.6625
Пальто стеганое женское,outerwear,2,"2117, 2121",2,шоколадный,63.57,18.0,164824.0,0.3904,9156.89,49447.2,115376.8,70.0,11.0,76540.0,9,168.87,Y,A,AY,2.0,66.4,balanced,fashion_core,keep_winner_colors,"Сильная модель с умеренной волатильностью: растить через winner-colors, а не через все варианты.",6800.0,47.231
Джемпер листочки двусторонний,knitwear,5,"929, 930, 931, 932, 981",5,маренго-бежевый,31.5,30.0,163566.0,0.3875,5452.2,49069.8,114496.2,70.0,2.0,9486.0,11,162.92,Y,A,AY,0.0,,stockout,fashion_core,keep_winner_colors,"Сильная модель с умеренной волатильностью: растить через winner-colors, а не через все варианты.",,47.6185
Топ в рубчик v-вырез,tops_blouses,11,"1334, 2021, 2894, 2895, 486, 63, 66, 70, 72, 73, 93",10,белый,26.64,120.0,162454.6,0.3848,1353.79,48736.38,113718.22,70.0,49.0,47997.5,23,82.02,X,A,AX,14.0,104.3,balanced,repeat_core,protect_and_repeat,Повторяемое ядро бизнеса: держать в наличии и защищать от out-of-stock.,1900.0,48.0033
Джемпер джеки шерсть,knitwear,6,"1075, 2138, 2162, 2169, 2227, 826",6,имбирь,35.97,30.0,161154.0,0.3817,5371.8,48346.2,112807.8,70.0,3.0,15860.0,7,202.98,Y,A,AY,0.0,,stockout,fashion_core,keep_winner_colors,"Сильная модель с умеренной волатильностью: растить через winner-colors, а не через все варианты.",6900.0,48.7692
Куртка стеганая женская графит,outerwear,1,2099,1,серый графит,100.0,21.0,159718.0,0.3783,7605.62,47915.4,111802.6,70.0,9.0,63768.0,9,141.18,X,A,AX,0.0,,stockout,repeat_core,replenish_and_scale,Повторяемое ядро бизнеса: держать в наличии и защищать от out-of-stock.,,49.1475
Джемпер листочки двусторонний оверсайз,knitwear,2,"1176, 1201",2,лаймово-розовый,54.22,24.0,159280.0,0.3773,6636.67,47784.0,111496.0,70.0,5.0,29080.0,15,106.41,X,A,AX,0.0,,stockout,repeat_core,replenish_and_scale,Повторяемое ядро бизнеса: держать в наличии и защищать от out-of-stock.,,49.5248
Парка английская на меховой подкладке,outerwear,2,"2281, 2312",2,графит,67.48,15.0,156016.0,0.3696,10401.07,46804.8,109211.2,70.0,7.0,71456.0,7,205.59,Y,A,AY,0.0,,stockout,fashion_core,keep_winner_colors,"Сильная модель с умеренной волатильностью: растить через winner-colors, а не через все варианты.",11200.0,50.6439
Пиджак вискоза,jackets_blazers,6,"688, 744, 745, 746, 747, 919",6,черный,33.69,28.0,155161.0,0.3675,5541.46,46548.3,108612.7,70.0,1.0,4485.0,10,175.59,Y,A,AY,0.0,,stockout,fashion_core,keep_winner_colors,"Сильная модель с умеренной волатильностью: растить через winner-colors, а не через все варианты.",6417.0,51.0114
Джемпер незабудки женский беж,knitwear,1,1211,1,светлый беж,100.0,27.0,150678.0,0.3569,5580.67,45203.4,105474.6,70.0,6.0,36580.0,14,109.81,X,A,AX,1.0,60.8,balanced,repeat_core,protect_and_repeat,Повторяемое ядро бизнеса: держать в наличии и защищать от out-of-stock.,6600.0,51.3683
Жилет сердечки,knitwear,2,"1144, 1166",2,розово-красный,57.26,42.0,148910.02,0.3527,3545.48,44673.01,104237.01,70.0,0.0,0.0,8,196.72,Y,A,AY,0.0,,no_signal,fashion_core,keep_winner_colors,"Сильная модель с умеренной волатильностью: растить через winner-colors, а не через все варианты.",4200.0,51.7211
Бомбер женский тауп с трикотажными резинками,outerwear,1,2574,1,тауп,100.0,11.0,146372.0,0.3467,13306.55,43911.6,102460.4,70.0,11.0,146372.0,4,314.79,Z,A,AZ,0.0,,stockout,fashion_core,keep_winner_colors,"Сильная по выручке, но нестабильная модель: использовать как fashion-driver с ограниченным риском.",10360.0,52.0678
Бомбер женский морковный в клетку,outerwear,1,2069,1,оранжевый,100.0,12.0,146064.0,0.346,12172.0,43819.2,102244.8,70.0,4.0,42480.0,8,152.75,Y,A,AY,0.0,,stockout,fashion_core,keep_winner_colors,"Сильная модель с умеренной волатильностью: растить через winner-colors, а не через все варианты.",14800.0,52.4138
Джемпер женский грибочки травяной,knitwear,1,2228,1,зефирно-травяной,100.0,23.0,138754.0,0.3287,6032.78,41626.2,97127.8,70.0,12.0,71260.0,11,152.05,Y,A,AY,2.0,60.8,balanced,fashion_core,keep_winner_colors,"Сильная модель с умеренной волатильностью: растить через winner-colors, а не через все варианты.",6600.0,54.4414
Тельняшка тонкая,tshirts_longsleeves,12,"1256, 1263, 1264, 1265, 1266, 1267, 659, 852, 854, 937, 938, 939",12,розово-красный,20.08,78.0,132500.0,0.3139,1698.72,39750.0,92750.0,70.0,40.0,42030.0,18,123.8,X,A,AX,0.0,,stockout,repeat_core,replenish_and_scale,Повторяемое ядро бизнеса: держать в наличии и защищать от out-of-stock.,,55.0744
Куртка стеганая женская шоколад,outerwear,1,2102,1,горький шоколад,100.0,17.0,131354.0,0.3111,7726.71,39406.2,91947.8,70.0,4.0,30854.0,8,232.26,Y,A,AY,0.0,,stockout,fashion_core,keep_winner_colors,"Сильная модель с умеренной волатильностью: растить через winner-colors, а не через все варианты.",6500.0,55.3855
Джемпер незабудки женский желтый,knitwear,1,1199,1,светло-желтый,97.02,24.0,130798.0,0.3098,5449.92,39239.4,91558.6,70.0,7.0,40480.0,9,186.09,Y,A,AY,-1.0,,stockout,fashion_core,keep_winner_colors,"Сильная модель с умеренной волатильностью: растить через winner-colors, а не через все варианты.",6600.0,55.6953
